debtor_name,year,iso3_code,value
Africa (excluding high income) (median),2000,,57.67676852099302
Africa (excluding high income) (median),2001,,57.30806569918545
Africa (excluding high income) (median),2002,,55.187257717676786
Africa (excluding high income) (median),2003,,50.02303323195927
Africa (excluding high income) (median),2004,,44.89437442609628
Africa (excluding high income) (median),2005,,38.30960975493228
Africa (excluding high income) (median),2006,,22.01521543775951
Africa (excluding high income) (median),2007,,20.07830388605491
Africa (excluding high income) (median),2008,,16.565347092776715
Africa (excluding high income) (median),2009,,18.857664571750092
Africa (excluding high income) (median),2010,,18.567400552912613
Africa (excluding high income) (median),2011,,17.46057894436165
Africa (excluding high income) (median),2012,,16.20506007437314
Africa (excluding high income) (median),2013,,17.05176777777778
Africa (excluding high income) (median),2014,,19.446217265004755
Africa (excluding high income) (median),2015,,22.16680631193147
Africa (excluding high income) (median),2016,,22.418424887218045
Africa (excluding high income) (median),2017,,24.005045087201502
Africa (excluding high income) (median),2018,,23.68934206569471
Africa (excluding high income) (median),2019,,26.202552700388743
Africa (excluding high income) (median),2020,,29.4325932188436
Africa (excluding high income) (median),2021,,28.397261209542318
Africa (excluding high income) (median),2022,,26.700146632239775
Africa (excluding high income) (median),2023,,28.564921425837074
Africa (excluding high income) (median),2024,,26.5618894923445
Algeria,2000,DZA,39.304518224948666
Algeria,2001,DZA,35.12611938380489
Algeria,2002,DZA,34.65548216106379
Algeria,2003,DZA,29.78524600065322
Algeria,2004,DZA,22.22959390038514
Algeria,2005,DZA,14.494805143067998
Algeria,2006,DZA,3.1370031246953296
Algeria,2007,DZA,2.827687770190128
Algeria,2008,DZA,1.8265616024702855
Algeria,2009,DZA,2.036990708303119
Algeria,2010,DZA,1.4973471040863966
Algeria,2011,DZA,1.0330236684498835
Algeria,2012,DZA,0.7257488044588456
Algeria,2013,DZA,0.6327118560215237
Algeria,2014,DZA,0.47081933720594443
Algeria,2015,DZA,0.46414135892348557
Algeria,2016,DZA,0.9143046752671993
Algeria,2017,DZA,0.9030878008884025
Algeria,2018,DZA,0.7829264922085067
Algeria,2019,DZA,0.7230921579325718
Algeria,2020,DZA,0.8717464498039739
Algeria,2021,DZA,0.6674008621468926
Algeria,2022,DZA,0.4678370102192757
Algeria,2023,DZA,0.4001679301615965
Algeria,2024,DZA,0.31639712082930815
Angola,2000,AGO,63.932027107385736
Angola,2001,AGO,56.41229836888028
Angola,2002,AGO,43.555629920864135
Angola,2003,AGO,37.53057739504474
Angola,2004,AGO,30.30179954070672
Angola,2005,AGO,23.02611064424958
Angola,2006,AGO,12.551542143246838
Angola,2007,AGO,12.651600465784933
Angola,2008,AGO,12.941475128656746
Angola,2009,AGO,16.815992083960587
Angola,2010,AGO,16.391979551634275
Angola,2011,AGO,14.527296376720402
Angola,2012,AGO,13.89310781302891
Angola,2013,AGO,16.359243478125144
Angola,2014,AGO,19.764359669013913
Angola,2015,AGO,24.951850251175365
Angola,2016,AGO,35.75157624115576
Angola,2017,AGO,29.969741883148
Angola,2018,AGO,41.22855652409602
Angola,2019,AGO,50.27614749458651
Angola,2020,AGO,71.23100686144225
Angola,2021,AGO,55.28357867508148
Angola,2022,AGO,33.80790235941647
Angola,2023,AGO,40.41215739720669
Angola,2024,AGO,40.02078386784592
Benin,2000,BEN,35.374919432140835
Benin,2001,BEN,35.73228049918167
Benin,2002,BEN,34.74736949892627
Benin,2003,BEN,25.46207038519073
Benin,2004,BEN,24.449968370777437
Benin,2005,BEN,22.07688194795313
Benin,2006,BEN,8.565266192777935
Benin,2007,BEN,9.38463788494492
Benin,2008,BEN,8.908747725554306
Benin,2009,BEN,10.101184745065789
Benin,2010,BEN,11.655132195326418
Benin,2011,BEN,11.15098844822748
Benin,2012,BEN,11.661415686221744
Benin,2013,BEN,12.7406566328487
Benin,2014,BEN,13.257342982390128
Benin,2015,BEN,16.700336461497937
Benin,2016,BEN,17.07336882128956
Benin,2017,BEN,19.66652359940467
Benin,2018,BEN,20.20548991217064
Benin,2019,BEN,24.516860388514665
Benin,2020,BEN,28.485825114839862
Benin,2021,BEN,32.97570031018701
Benin,2022,BEN,34.63671240495441
Benin,2023,BEN,37.16219355099344
Benin,2024,BEN,41.51588290640853
Botswana,2000,BWA,7.7042457356564595
Botswana,2001,BWA,6.939098796703297
Botswana,2002,BWA,8.756699227062095
Botswana,2003,BWA,6.488808489757665
Botswana,2004,BWA,5.53381020750652
Botswana,2005,BWA,4.193112707210414
Botswana,2006,BWA,3.610987071277347
Botswana,2007,BWA,3.7507215313268976
Botswana,2008,BWA,3.697634914733016
Botswana,2009,BWA,13.789930426961853
Botswana,2010,BWA,10.750109012423835
Botswana,2011,BWA,12.573722418767785
Botswana,2012,BWA,13.90298051844395
Botswana,2013,BWA,12.700512276485426
Botswana,2014,BWA,12.333786566903683
Botswana,2015,BWA,12.998396578966817
Botswana,2016,BWA,11.039834708612347
Botswana,2017,BWA,9.578089528096864
Botswana,2018,BWA,8.473638649013623
Botswana,2019,BWA,7.9862738608049835
Botswana,2020,BWA,8.600057891493638
Botswana,2021,BWA,7.906030944533334
Botswana,2022,BWA,7.668754403326609
Botswana,2023,BWA,8.055214232651588
Botswana,2024,BWA,9.567751391299856
Burkina Faso,2000,BFA,41.79738710908477
Burkina Faso,2001,BFA,41.511224310344815
Burkina Faso,2002,BFA,39.06091039779005
Burkina Faso,2003,BFA,33.86231635021097
Burkina Faso,2004,BFA,32.8705168709855
Burkina Faso,2005,BFA,30.441189414634145
Burkina Faso,2006,BFA,15.360014509773976
Burkina Faso,2007,BFA,16.693375581486823
Burkina Faso,2008,BFA,16.111672077248677
Burkina Faso,2009,BFA,18.478901209745764
Burkina Faso,2010,BFA,19.453866954931804
Burkina Faso,2011,BFA,17.46057894436165
Burkina Faso,2012,BFA,18.197124636804837
Burkina Faso,2013,BFA,17.34682157765546
Burkina Faso,2014,BFA,16.62437578834158
Burkina Faso,2015,BFA,20.171083614468014
Burkina Faso,2016,BFA,20.062577209447344
Burkina Faso,2017,BFA,20.40656949127288
Burkina Faso,2018,BFA,19.13572817604926
Burkina Faso,2019,BFA,20.978711430524488
Burkina Faso,2020,BFA,22.604307528732413
Burkina Faso,2021,BFA,22.146588598538663
Burkina Faso,2022,BFA,23.790309994641518
Burkina Faso,2023,BFA,24.09046802942931
Burkina Faso,2024,BFA,22.141152835278856
Burundi,2000,BDI,104.75392242669363
Burundi,2001,BDI,100.25429137334689
Burundi,2002,BDI,121.73833588754135
Burundi,2003,BDI,148.32038504739336
Burundi,2004,BDI,133.72906733193278
Burundi,2005,BDI,105.28951289167412
Burundi,2006,BDI,96.69585051846033
Burundi,2007,BDI,94.10561727876106
Burundi,2008,BDI,76.5692824751861
Burundi,2009,BDI,22.169188185915488
Burundi,2010,BDI,18.788146181102363
Burundi,2011,BDI,16.274062504472273
Burundi,2012,BDI,17.487324367766824
Burundi,2013,BDI,16.072480488599346
Burundi,2014,BDI,14.948795879526976
Burundi,2015,BDI,13.17901806701031
Burundi,2016,BDI,13.844632807432433
Burundi,2017,BDI,13.243395312105926
Burundi,2018,BDI,14.064828126440565
Burundi,2019,BDI,15.92872310402127
Burundi,2020,BDI,17.236223123988346
Burundi,2021,BDI,17.156614931466034
Burundi,2022,BDI,14.539357733299335
Burundi,2023,BDI,13.935434821719877
Burundi,2024,BDI,12.45556124922312
Cabo Verde,2000,CPV,45.062598869814025
Cabo Verde,2001,CPV,43.14246223767383
Cabo Verde,2002,CPV,43.896733910034605
Cabo Verde,2003,CPV,39.03943790045249
Cabo Verde,2004,CPV,35.8367914885194
Cabo Verde,2005,CPV,33.211947376344085
Cabo Verde,2006,CPV,35.091015785123965
Cabo Verde,2007,CPV,34.233665836363635
Cabo Verde,2008,CPV,31.19307081632653
Cabo Verde,2009,CPV,37.67359048056156
Cabo Verde,2010,CPV,47.244369753424664
Cabo Verde,2011,CPV,49.905182120175866
Cabo Verde,2012,CPV,64.36785779404077
Cabo Verde,2013,CPV,72.81027668309513
Cabo Verde,2014,CPV,75.29191688540647
Cabo Verde,2015,CPV,87.87733988571429
Cabo Verde,2016,CPV,83.23060733513515
Cabo Verde,2017,CPV,89.00026625938906
Cabo Verde,2018,CPV,79.60125622675737
Cabo Verde,2019,CPV,80.63664783207464
Cabo Verde,2020,CPV,111.08662384909786
Cabo Verde,2021,CPV,97.1084006867998
Cabo Verde,2022,CPV,85.17386902753108
Cabo Verde,2023,CPV,77.5738648980408
Cabo Verde,2024,CPV,67.687557190022
Cameroon,2000,CMR,85.43953426549537
Cameroon,2001,CMR,76.01870608949773
Cameroon,2002,CMR,73.02680225644758
Cameroon,2003,CMR,63.02812698130958
Cameroon,2004,CMR,49.481592261873104
Cameroon,2005,CMR,33.10669810996211
Cameroon,2006,CMR,11.436231599081866
Cameroon,2007,CMR,9.011856701349712
Cameroon,2008,CMR,7.568911316758083
Cameroon,2009,CMR,7.765781407375551
Cameroon,2010,CMR,7.8449083258263705
Cameroon,2011,CMR,6.9331696610722915
Cameroon,2012,CMR,9.686310439451184
Cameroon,2013,CMR,12.076694874440392
Cameroon,2014,CMR,12.685628353115726
Cameroon,2015,CMR,17.78983700524633
Cameroon,2016,CMR,18.62809889927525
Cameroon,2017,CMR,22.153574937094717
Cameroon,2018,CMR,22.8916562084917
Cameroon,2019,CMR,26.184200742066395
Cameroon,2020,CMR,27.875982626336782
Cameroon,2021,CMR,27.488982941202593
Cameroon,2022,CMR,26.700146632239775
Cameroon,2023,CMR,24.607298371984495
Cameroon,2024,CMR,23.010882249328972
Central African Republic,2000,CAF,91.85831483870967
Central African Republic,2001,CAF,84.36118729699668
Central African Republic,2002,CAF,98.59588651068158
Central African Republic,2003,CAF,75.56417122053871
Central African Republic,2004,CAF,71.07290152671756
Central African Republic,2005,CAF,61.674383496107566
Central African Republic,2006,CAF,56.14807576072821
Central African Republic,2007,CAF,48.54972055270655
Central African Republic,2008,CAF,40.197486487948844
Central African Republic,2009,CAF,14.024231146187471
Central African Republic,2010,CAF,17.533570065390006
Central African Republic,2011,CAF,12.894596960985627
Central African Republic,2012,CAF,13.338950274681526
Central African Republic,2013,CAF,20.993497151300232
Central African Republic,2014,CAF,20.647689678205754
Central African Republic,2015,CAF,24.207713344051445
Central African Republic,2016,CAF,22.418424887218045
Central African Republic,2017,CAF,19.350748962693356
Central African Republic,2018,CAF,18.655372224087287
Central African Republic,2019,CAF,18.269136448445174
Central African Republic,2020,CAF,17.280349471774194
Central African Republic,2021,CAF,16.21441102170659
Central African Republic,2022,CAF,17.685370373757454
Central African Republic,2023,CAF,16.759662605659685
Central African Republic,2024,CAF,15.499034818085484
Chad,2000,TCD,48.33407370769985
Chad,2001,TCD,38.874522030254774
Chad,2002,TCD,38.85851638661202
Chad,2003,TCD,34.88993221366459
Chad,2004,TCD,23.52058258551618
Chad,2005,TCD,17.61915708545035
Chad,2006,TCD,17.12029349948507
Chad,2007,TCD,16.12524354283611
Chad,2008,TCD,13.024091648983863
Chad,2009,TCD,14.2218750593303
Chad,2010,TCD,14.561931665245204
Chad,2011,TCD,13.319327841985377
Chad,2012,TCD,12.598571747399037
Chad,2013,TCD,15.783638413302729
Chad,2014,TCD,19.91707156713956
Chad,2015,TCD,18.271128255526566
Chad,2016,TCD,20.254068841300192
Chad,2017,TCD,21.492994091869058
Chad,2018,TCD,18.14501895510581
Chad,2019,TCD,18.338196540927186
Chad,2020,TCD,18.77492663110991
Chad,2021,TCD,15.559439399116345
Chad,2022,TCD,12.430313496565477
Chad,2023,TCD,11.790801194334154
Chad,2024,TCD,12.31970844424279
Comoros,2000,COM,59.33878655882353
Comoros,2001,COM,58.20383302949062
Comoros,2002,COM,56.11716067915692
Comoros,2003,COM,47.76207444241316
Comoros,2004,COM,43.27357937299035
Comoros,2005,COM,38.69798455792683
Comoros,2006,COM,37.157203904209
Comoros,2007,COM,34.536269321608046
Comoros,2008,COM,28.860024072052404
Comoros,2009,COM,28.603465232300884
Comoros,2010,COM,27.33993364136414
Comoros,2011,COM,23.783765650048878
Comoros,2012,COM,21.672776801181104
Comoros,2013,COM,9.687518360215055
Comoros,2014,COM,9.068405860869566
Comoros,2015,COM,9.826782567287784
Comoros,2016,COM,14.503821036525173
Comoros,2017,COM,14.344706648096563
Comoros,2018,COM,20.67031787955895
Comoros,2019,COM,20.04151174242424
Comoros,2020,COM,21.460025418719212
Comoros,2021,COM,22.556821335428122
Comoros,2022,COM,24.770476102941178
Comoros,2023,COM,24.134294939759034
Comoros,2024,COM,22.46703911234397
"Congo, Dem. Rep.",2000,COD,41.265986717513236
"Congo, Dem. Rep.",2001,COD,104.59088718741376
"Congo, Dem. Rep.",2002,COD,101.34828946444956
"Congo, Dem. Rep.",2003,COD,112.33913936156064
"Congo, Dem. Rep.",2004,COD,98.37950904428226
"Congo, Dem. Rep.",2005,COD,73.86430617610061
"Congo, Dem. Rep.",2006,COD,63.99293600142829
"Congo, Dem. Rep.",2007,COD,58.59730785729648
"Congo, Dem. Rep.",2008,COD,47.89538380057357
"Congo, Dem. Rep.",2009,COD,58.37761082519059
"Congo, Dem. Rep.",2010,COD,18.51902896508505
"Congo, Dem. Rep.",2011,COD,13.833996418995682
"Congo, Dem. Rep.",2012,COD,12.499531711445101
"Congo, Dem. Rep.",2013,COD,13.132917821702762
"Congo, Dem. Rep.",2014,COD,11.126534282622865
"Congo, Dem. Rep.",2015,COD,10.51259378094337
"Congo, Dem. Rep.",2016,COD,10.539842953316178
"Congo, Dem. Rep.",2017,COD,10.673548313524746
"Congo, Dem. Rep.",2018,COD,11.54411358286321
"Congo, Dem. Rep.",2019,COD,11.296910294944096
"Congo, Dem. Rep.",2020,COD,12.919598254546155
"Congo, Dem. Rep.",2021,COD,11.906660402474099
"Congo, Dem. Rep.",2022,COD,9.878463999939543
"Congo, Dem. Rep.",2023,COD,11.029336675318126
"Congo, Dem. Rep.",2024,COD,10.637715269537438
"Congo, Rep.",2000,COG,103.42300238134656
"Congo, Rep.",2001,COG,120.08038898617512
"Congo, Rep.",2002,COG,119.89480205705705
"Congo, Rep.",2003,COG,115.11282210199327
"Congo, Rep.",2004,COG,114.48687844344245
"Congo, Rep.",2005,COG,82.1570814427412
"Congo, Rep.",2006,COG,72.11039702465007
"Congo, Rep.",2007,COG,55.8170911953552
"Congo, Rep.",2008,COG,42.48827544681947
"Congo, Rep.",2009,COG,47.67759166683826
"Congo, Rep.",2010,COG,18.615772140740177
"Congo, Rep.",2011,COG,18.45067890180796
"Congo, Rep.",2012,COG,18.29681865454135
"Congo, Rep.",2013,COG,21.287170402583666
"Congo, Rep.",2014,COG,30.021703706886925
"Congo, Rep.",2015,COG,52.181221028508965
"Congo, Rep.",2016,COG,58.220290040263535
"Congo, Rep.",2017,COG,58.583954119188505
"Congo, Rep.",2018,COG,45.011764874501054
"Congo, Rep.",2019,COG,57.28235504757816
"Congo, Rep.",2020,COG,67.66928931127558
"Congo, Rep.",2021,COG,55.85798515948308
"Congo, Rep.",2022,COG,47.24780168396936
"Congo, Rep.",2023,COG,42.03466943185828
"Congo, Rep.",2024,COG,36.106242662785974
Cote d'Ivoire,2000,CIV,61.02919977711938
Cote d'Ivoire,2001,CIV,55.47759643267679
Cote d'Ivoire,2002,CIV,53.07569389549801
Cote d'Ivoire,2003,CIV,45.72362315193813
Cote d'Ivoire,2004,CIV,48.37979508244635
Cote d'Ivoire,2005,CIV,42.21966486624905
Cote d'Ivoire,2006,CIV,43.98727645606627
Cote d'Ivoire,2007,CIV,41.40159908267632
Cote d'Ivoire,2008,CIV,31.645582861306913
Cote d'Ivoire,2009,CIV,37.767910703707
Cote d'Ivoire,2010,CIV,27.336904684441343
Cote d'Ivoire,2011,CIV,27.853452618424384
Cote d'Ivoire,2012,CIV,13.637298652443963
Cote d'Ivoire,2013,CIV,14.731975830017582
Cote d'Ivoire,2014,CIV,13.539586238288123
Cote d'Ivoire,2015,CIV,18.570592556368002
Cote d'Ivoire,2016,CIV,17.282788005494957
Cote d'Ivoire,2017,CIV,19.884708108051495
Cote d'Ivoire,2018,CIV,22.60796968114555
Cote d'Ivoire,2019,CIV,26.074281933325604
Cote d'Ivoire,2020,CIV,31.713444582930656
Cote d'Ivoire,2021,CIV,31.838011404857685
Cote d'Ivoire,2022,CIV,36.73498922771719
Cote d'Ivoire,2023,CIV,36.3891288233078
Cote d'Ivoire,2024,CIV,35.87881216611555
Djibouti,2000,DJI,30.534054878361072
Djibouti,2001,DJI,29.190238668310727
Djibouti,2002,DJI,36.01545080047789
Djibouti,2003,DJI,41.065239614512464
Djibouti,2004,DJI,41.689816559829055
Djibouti,2005,DJI,38.07811323293173
Djibouti,2006,DJI,40.89412182407408
Djibouti,2007,DJI,54.674561561712856
Djibouti,2008,DJI,49.15109958031838
Djibouti,2009,DJI,51.814959593267886
Djibouti,2010,DJI,39.608229034974094
Djibouti,2011,DJI,36.851517890804594
Djibouti,2012,DJI,33.2761632824829
Djibouti,2013,DJI,32.53697729452055
Djibouti,2014,DJI,36.61294188653759
Djibouti,2015,DJI,48.44566589521452
Djibouti,2016,DJI,61.526940879078694
Djibouti,2017,DJI,70.39015128483533
Djibouti,2018,DJI,70.2028738757295
Djibouti,2019,DJI,69.45736687601166
Djibouti,2020,DJI,74.85740804071247
Djibouti,2021,DJI,70.9274452254642
Djibouti,2022,DJI,67.61440607634016
Djibouti,2023,DJI,72.41518149348992
Djibouti,2024,DJI,65.12554158704263
"Egypt, Arab Rep.",2000,EGY,23.27291427552696
"Egypt, Arab Rep.",2001,EGY,24.772200359625707
"Egypt, Arab Rep.",2002,EGY,29.55693952593036
"Egypt, Arab Rep.",2003,EGY,32.978127809847
"Egypt, Arab Rep.",2004,EGY,35.469349040492425
"Egypt, Arab Rep.",2005,EGY,30.419381622595004
"Egypt, Arab Rep.",2006,EGY,25.70664404758109
"Egypt, Arab Rep.",2007,EGY,23.445740813760903
"Egypt, Arab Rep.",2008,EGY,18.029282983014923
"Egypt, Arab Rep.",2009,EGY,15.819822381502249
"Egypt, Arab Rep.",2010,EGY,14.00615517872048
"Egypt, Arab Rep.",2011,EGY,12.428059350532441
"Egypt, Arab Rep.",2012,EGY,10.867789588497768
"Egypt, Arab Rep.",2013,EGY,13.958994311826753
"Egypt, Arab Rep.",2014,EGY,11.543837777722505
"Egypt, Arab Rep.",2015,EGY,12.619205620489035
"Egypt, Arab Rep.",2016,EGY,15.146248385741071
"Egypt, Arab Rep.",2017,EGY,26.59821561018693
"Egypt, Arab Rep.",2018,EGY,30.19129451652252
"Egypt, Arab Rep.",2019,EGY,28.354071897802413
"Egypt, Arab Rep.",2020,EGY,26.093857911430625
"Egypt, Arab Rep.",2021,EGY,25.677189056957246
"Egypt, Arab Rep.",2022,EGY,23.191474733045613
"Egypt, Arab Rep.",2023,EGY,29.835467614643957
"Egypt, Arab Rep.",2024,EGY,27.910593720938127
Equatorial Guinea,2019,GNQ,11.709839043554773
Equatorial Guinea,2020,GNQ,12.28823930964877
Equatorial Guinea,2021,GNQ,9.272393366879397
Equatorial Guinea,2022,GNQ,8.306933933804768
Equatorial Guinea,2023,GNQ,8.25139889942459
Equatorial Guinea,2024,GNQ,7.0154188166653615
Eritrea,2000,ERI,54.47826548446071
Eritrea,2001,ERI,67.84346190721648
Eritrea,2002,ERI,86.74003101063829
Eritrea,2003,ERI,89.91451359583952
Eritrea,2004,ERI,82.05075356643357
Eritrea,2005,ERI,85.05750222352941
Eritrea,2006,ERI,83.39061176093917
Eritrea,2007,ERI,83.88900324509802
Eritrea,2008,ERI,103.67979288190683
Eritrea,2009,ERI,78.10228753276792
Eritrea,2010,ERI,62.79406116981131
Eritrea,2011,ERI,48.91111924939467
Eritrea,2012,ERI,42.11286594678492
Eritrea,2013,ERI,45.648343667007154
Eritrea,2014,ERI,31.860888924731178
Eritrea,2015,ERI,38.91729691468254
Eritrea,2016,ERI,34.06155033890646
Eritrea,2017,ERI,40.803644443277314
Eritrea,2018,ERI,37.00631908275175
Eritrea,2019,ERI,36.61194433400606
Eswatini,2000,SWZ,15.531997400828896
Eswatini,2001,SWZ,17.908505376917947
Eswatini,2002,SWZ,23.987651707317074
Eswatini,2003,SWZ,18.384756658856606
Eswatini,2004,SWZ,15.299663953229398
Eswatini,2005,SWZ,13.47473224311183
Eswatini,2006,SWZ,13.182314774859288
Eswatini,2007,SWZ,13.337374258543832
Eswatini,2008,SWZ,13.199043599750235
Eswatini,2009,SWZ,12.347471437571594
Eswatini,2010,SWZ,10.01927860324826
Eswatini,2011,SWZ,8.209934287238582
Eswatini,2012,SWZ,7.299609327713383
Eswatini,2013,SWZ,6.951267219610478
Eswatini,2014,SWZ,6.975529389134998
Eswatini,2015,SWZ,7.606914676222165
Eswatini,2016,SWZ,9.848526612946548
Eswatini,2017,SWZ,9.574865185765443
Eswatini,2018,SWZ,10.737037448869751
Eswatini,2019,SWZ,11.702185594541909
Eswatini,2020,SWZ,14.182411239689468
Eswatini,2021,SWZ,12.958952806101125
Eswatini,2022,SWZ,15.984489236448008
Eswatini,2023,SWZ,16.797094535186794
Eswatini,2024,SWZ,17.53478509911003
Ethiopia,2000,ETH,65.37089327537652
Ethiopia,2001,ETH,68.77152021473528
Ethiopia,2002,ETH,80.953503833674
Ethiopia,2003,ETH,81.86707112157136
Ethiopia,2004,ETH,62.18950259138509
Ethiopia,2005,ETH,47.40259192298378
Ethiopia,2006,ETH,13.98566967537557
Ethiopia,2007,ETH,12.97937179626468
Ethiopia,2008,ETH,10.561773147809525
Ethiopia,2009,ETH,16.616152297712052
Ethiopia,2010,ETH,24.175444265258307
Ethiopia,2011,ETH,26.05890312762467
Ethiopia,2012,ETH,23.553985862722342
Ethiopia,2013,ETH,25.559378022731178
Ethiopia,2014,ETH,29.913298818979044
Ethiopia,2015,ETH,30.908029560089407
Ethiopia,2016,ETH,30.691340080560174
Ethiopia,2017,ETH,32.84105468382764
Ethiopia,2018,ETH,35.97076599635942
Ethiopia,2019,ETH,31.937642089020386
Ethiopia,2020,ETH,32.104168005920656
Ethiopia,2021,ETH,30.376777368956592
Ethiopia,2022,ETH,24.41522960540695
Ethiopia,2023,ETH,19.973855420722202
Ethiopia,2024,ETH,23.896342144953653
Gabon,2000,GAB,64.24654924773023
Gabon,2001,GAB,60.79531214413697
Gabon,2002,GAB,60.025878387096775
Gabon,2003,GAB,52.28399202150538
Gabon,2004,GAB,49.00996733359083
Gabon,2005,GAB,38.54110627693283
Gabon,2006,GAB,38.00024574576938
Gabon,2007,GAB,37.2326457903187
Gabon,2008,GAB,15.094227351958898
Gabon,2009,GAB,19.509014021168365
Gabon,2010,GAB,17.50962185275306
Gabon,2011,GAB,15.228600345471522
Gabon,2012,GAB,16.904985921075607
Gabon,2013,GAB,24.573219387929075
Gabon,2014,GAB,23.949981882585536
Gabon,2015,GAB,32.79658632255822
Gabon,2016,GAB,35.298036963623396
Gabon,2017,GAB,39.928671738809975
Gabon,2018,GAB,36.287937437908504
Gabon,2019,GAB,36.80067854162963
Gabon,2020,GAB,42.90420719474095
Gabon,2021,GAB,32.842170087381135
Gabon,2022,GAB,30.198467917988776
Gabon,2023,GAB,30.30123090532928
Gabon,2024,GAB,26.5618894923445
"Gambia, The",2000,GMB,43.362347306930694
"Gambia, The",2001,GMB,43.450628592814375
"Gambia, The",2002,GMB,57.204128139797064
"Gambia, The",2003,GMB,67.38860151838671
"Gambia, The",2004,GMB,64.45558173596673
"Gambia, The",2005,GMB,59.45668569066148
"Gambia, The",2006,GMB,63.18463031309298
"Gambia, The",2007,GMB,51.155586742187495
"Gambia, The",2008,GMB,22.733004455825867
"Gambia, The",2009,GMB,28.440726110344826
"Gambia, The",2010,GMB,27.350030959170446
"Gambia, The",2011,GMB,30.82891129787234
"Gambia, The",2012,GMB,31.702942537102473
"Gambia, The",2013,GMB,34.486007020348836
"Gambia, The",2014,GMB,37.26639934906428
"Gambia, The",2015,GMB,35.81352996309963
"Gambia, The",2016,GMB,35.724156605442175
"Gambia, The",2017,GMB,43.138896461949265
"Gambia, The",2018,GMB,40.62247687725632
"Gambia, The",2019,GMB,41.44965877630122
"Gambia, The",2020,GMB,45.97918258153676
"Gambia, The",2021,GMB,41.42684011735941
"Gambia, The",2022,GMB,41.749644412177986
"Gambia, The",2023,GMB,43.76029947438753
"Gambia, The",2024,GMB,42.87425880679406
Ghana,2000,GHA,45.202699083326586
Ghana,2001,GHA,44.11289374437581
Ghana,2002,GHA,41.377072805830984
Ghana,2003,GHA,37.233181187333685
Ghana,2004,GHA,28.164367132021695
Ghana,2005,GHA,22.953540314215413
Ghana,2006,GHA,7.3406709395084455
Ghana,2007,GHA,7.753897502189141
Ghana,2008,GHA,8.142714556300366
Ghana,2009,GHA,11.663070684946266
Ghana,2010,GHA,11.880808739850815
Ghana,2011,GHA,12.495272902564103
Ghana,2012,GHA,14.423168250896056
Ghana,2013,GHA,17.21060882761035
Ghana,2014,GHA,23.507295948644792
Ghana,2015,GHA,29.777622027631125
Ghana,2016,GHA,28.250034708606442
Ghana,2017,GHA,27.1058117621926
Ghana,2018,GHA,25.352333774662128
Ghana,2019,GHA,28.67562915599901
Ghana,2020,GHA,32.73137487515712
Ghana,2021,GHA,33.46529800425082
Ghana,2022,GHA,37.35130298732396
Ghana,2023,GHA,35.415916126361005
Ghana,2024,GHA,30.889297837850894
Guinea,2000,GIN,65.46398764298095
Guinea,2001,GIN,67.33239339726747
Guinea,2002,GIN,67.77970211337642
Guinea,2003,GIN,61.93155518386215
Guinea,2004,GIN,59.84681315442937
Guinea,2005,GIN,62.41648788060365
Guinea,2006,GIN,70.26260507180469
Guinea,2007,GIN,48.7226725502612
Guinea,2008,GIN,42.68864928509905
Guinea,2009,GIN,44.283044763808675
Guinea,2010,GIN,42.66159362496355
Guinea,2011,GIN,43.72965411365313
Guinea,2012,GIN,13.928559282523354
Guinea,2013,GIN,15.95385974928367
Guinea,2014,GIN,16.604772124871822
Guinea,2015,GIN,18.175043845278726
Guinea,2016,GIN,20.54388079033008
Guinea,2017,GIN,18.039723595157387
Guinea,2018,GIN,16.801298571308088
Guinea,2019,GIN,21.367758102358103
Guinea,2020,GIN,23.465957529987936
Guinea,2021,GIN,21.68933732843137
Guinea,2022,GIN,18.723627410281278
Guinea,2023,GIN,17.793847400516093
Guinea,2024,GIN,16.89298711626563
Guinea-Bissau,2000,GNB,210.5350624489796
Guinea-Bissau,2001,GNB,189.57681549636806
Guinea-Bissau,2002,GNB,180.422126888412
Guinea-Bissau,2003,GNB,165.90054410488247
Guinea-Bissau,2004,GNB,166.9009498109966
Guinea-Bissau,2005,GNB,138.124812703125
Guinea-Bissau,2006,GNB,142.49984864566932
Guinea-Bissau,2007,GNB,123.29990424966799
Guinea-Bissau,2008,GNB,97.91830696747115
Guinea-Bissau,2009,GNB,105.56328959505062
Guinea-Bissau,2010,GNB,101.65175547290117
Guinea-Bissau,2011,GNB,18.04719331028522
Guinea-Bissau,2012,GNB,21.29660580952381
Guinea-Bissau,2013,GNB,23.378541153153154
Guinea-Bissau,2014,GNB,29.56590066021127
Guinea-Bissau,2015,GNB,43.260137666955764
Guinea-Bissau,2016,GNB,42.80117546184739
Guinea-Bissau,2017,GNB,45.73673955071477
Guinea-Bissau,2018,GNB,47.10987909967846
Guinea-Bissau,2019,GNB,53.60208147276395
Guinea-Bissau,2020,GNB,68.06050361785948
Guinea-Bissau,2021,GNB,64.7543862601626
Guinea-Bissau,2022,GNB,67.07638256827425
Guinea-Bissau,2023,GNB,65.46589727680798
Guinea-Bissau,2024,GNB,59.93466557182068
Kenya,2000,KEN,27.686181276502253
Kenya,2001,KEN,25.197632913836443
Kenya,2002,KEN,27.590858475564893
Kenya,2003,KEN,27.265256762189704
Kenya,2004,KEN,26.697439144361564
Kenya,2005,KEN,22.044238560459192
Kenya,2006,KEN,19.95702051975192
Kenya,2007,KEN,17.11377549525989
Kenya,2008,KEN,15.667145249159727
Kenya,2009,KEN,15.981137296148487
Kenya,2010,KEN,15.476206437915693
Kenya,2011,KEN,16.43225253485125
Kenya,2012,KEN,15.888984651550341
Kenya,2013,KEN,15.833854369317537
Kenya,2014,KEN,19.446217265004755
Kenya,2015,KEN,21.523239153758706
Kenya,2016,KEN,22.918381614494226
Kenya,2017,KEN,27.327898067345817
Kenya,2018,KEN,29.267694355337216
Kenya,2019,KEN,30.713357866497894
Kenya,2020,KEN,33.22721644586908
Kenya,2021,KEN,32.06157880891923
Kenya,2022,KEN,30.537709702613892
Kenya,2023,KEN,33.14392215662718
Kenya,2024,KEN,29.82435574559749
Lesotho,2000,LSO,71.22577006507592
Lesotho,2001,LSO,74.73584479328164
Lesotho,2002,LSO,73.42103471962618
Lesotho,2003,LSO,53.554076966560515
Lesotho,2004,LSO,45.155263566958695
Lesotho,2005,LSO,35.776451040462426
Lesotho,2006,LSO,35.66749601744186
Lesotho,2007,LSO,36.50814762933485
Lesotho,2008,LSO,40.111261186440686
Lesotho,2009,LSO,35.51072085699536
Lesotho,2010,LSO,30.10374503395586
Lesotho,2011,LSO,28.367038222481522
Lesotho,2012,LSO,30.912294008113594
Lesotho,2013,LSO,32.91544738592751
Lesotho,2014,LSO,31.058088110617682
Lesotho,2015,LSO,35.13872275658492
Lesotho,2016,LSO,35.12140737987308
Lesotho,2017,LSO,34.13839194719472
Lesotho,2018,LSO,32.7396961407767
Lesotho,2019,LSO,36.85870242359018
Lesotho,2020,LSO,44.49237704110898
Lesotho,2021,LSO,39.99962808588957
Lesotho,2022,LSO,42.54828764395605
Lesotho,2023,LSO,45.08096155304741
Lesotho,2024,LSO,44.21490394255875
Liberia,2000,LBR,127.92946621089226
Liberia,2001,LBR,119.157701460177
Liberia,2002,LBR,119.69638274655354
Liberia,2003,LBR,166.86774917366944
Liberia,2004,LBR,138.43217558528428
Liberia,2005,LBR,124.90280541313561
Liberia,2006,LBR,108.54919435527503
Liberia,2007,LBR,76.90000943452381
Liberia,2008,LBR,51.61178692124104
Liberia,2009,LBR,38.13781952407932
Liberia,2010,LBR,9.313212380467956
Liberia,2011,LBR,8.038584717948718
Liberia,2012,LBR,7.7939986616822425
Liberia,2013,LBR,7.5488076971090665
Liberia,2014,LBR,9.593816737864078
Liberia,2015,LBR,14.043340019404917
Liberia,2016,LBR,16.143772552211303
Liberia,2017,LBR,19.739663544113217
Liberia,2018,LBR,21.833841878063726
Liberia,2019,LBR,26.672817178571428
Liberia,2020,LBR,31.135520865986173
Liberia,2021,LBR,28.972376320889143
Liberia,2022,LBR,27.895546059386007
Liberia,2023,LBR,29.221450865603643
Liberia,2024,LBR,29.479615688572625
Madagascar,2000,MDG,92.79136545690214
Madagascar,2001,MDG,69.75828612725267
Madagascar,2002,MDG,77.2923909622571
Madagascar,2003,MDG,72.54064753295667
Madagascar,2004,MDG,68.96711816781837
Madagascar,2005,MDG,54.3884830670763
Madagascar,2006,MDG,19.519794474671667
Madagascar,2007,MDG,17.12466950967742
Madagascar,2008,MDG,16.504722565967366
Madagascar,2009,MDG,19.70407519600707
Madagascar,2010,MDG,20.42380504758089
Madagascar,2011,MDG,18.62209007963989
Madagascar,2012,MDG,19.423447456602467
Madagascar,2013,MDG,18.765749665969093
Madagascar,2014,MDG,19.209462240677155
Madagascar,2015,MDG,22.16680631193147
Madagascar,2016,MDG,20.816650608490168
Madagascar,2017,MDG,20.76720784532483
Madagascar,2018,MDG,21.080447205668605
Madagascar,2019,MDG,22.098278945763912
Madagascar,2020,MDG,26.88003436288407
Madagascar,2021,MDG,25.88257944688262
Madagascar,2022,MDG,25.65554585410414
Madagascar,2023,MDG,28.100087545683678
Madagascar,2024,MDG,27.356369686011135
Malawi,2000,MWI,59.77356164200142
Malawi,2001,MWI,59.097717345619905
Malawi,2002,MWI,54.25735475619666
Malawi,2003,MWI,64.9202213182924
Malawi,2004,MWI,67.32954125229826
Malawi,2005,MWI,59.47874640248641
Malawi,2006,MWI,13.581216822380107
Malawi,2007,MWI,12.173155341346154
Malawi,2008,MWI,10.266741859316603
Malawi,2009,MWI,9.704265065917689
Malawi,2010,MWI,7.447188611678237
Malawi,2011,MWI,8.262845631171603
Malawi,2012,MWI,12.198073000831256
Malawi,2013,MWI,16.30019221757322
Malawi,2014,MWI,16.031069532019703
Malawi,2015,MWI,16.143626533170625
Malawi,2016,MWI,19.502417289538343
Malawi,2017,MWI,20.013517762495805
Malawi,2018,MWI,19.492476276057477
Malawi,2019,MWI,18.30901291542018
Malawi,2020,MWI,19.037402720519964
Malawi,2021,MWI,19.068298096192386
Malawi,2022,MWI,20.316163527252414
Malawi,2023,MWI,21.39877657861448
Malawi,2024,MWI,25.46202266677969
Mali,2000,MLI,90.14629441106986
Mali,2001,MLI,74.70083719723183
Mali,2002,MLI,62.57082636875799
Mali,2003,MLI,60.0680559664757
Mali,2004,MLI,55.997955374174616
Mali,2005,MLI,48.31800478163494
Mali,2006,MLI,22.101629556907035
Mali,2007,MLI,21.950299119774428
Mali,2008,MLI,19.943842317900923
Mali,2009,MLI,19.381830292711484
Mali,2010,MLI,20.99325670031782
Mali,2011,MLI,19.121139849149547
Mali,2012,MLI,22.44223831646586
Mali,2013,MLI,23.690148850713584
Mali,2014,MLI,22.271103928596283
Mali,2015,MLI,26.013705358614374
Mali,2016,MLI,24.81353061831408
Mali,2017,MLI,25.353062236979166
Mali,2018,MLI,23.68934206569471
Mali,2019,MLI,25.758668465945263
Mali,2020,MLI,28.931713189068663
Mali,2021,MLI,27.68410515942029
Mali,2022,MLI,27.44246489673378
Mali,2023,MLI,26.220895314388216
Mali,2024,MLI,24.653522921146166
Mauritania,2000,MRT,111.49285396629213
Mauritania,2001,MRT,108.34073628293241
Mauritania,2002,MRT,106.63600559369723
Mauritania,2003,MRT,98.69648908824963
Mauritania,2004,MRT,86.02263939034717
Mauritania,2005,MRT,69.14472810967303
Mauritania,2006,MRT,32.82017010476427
Mauritania,2007,MRT,33.212873174676524
Mauritania,2008,MRT,32.511275410665625
Mauritania,2009,MRT,42.09465916825396
Mauritania,2010,MRT,41.26192081426291
Mauritania,2011,MRT,37.82809635800648
Mauritania,2012,MRT,44.95478603481624
Mauritania,2013,MRT,44.28780264493247
Mauritania,2014,MRT,49.83382117006803
Mauritania,2015,MRT,60.03801494823682
Mauritania,2016,MRT,60.261660300904275
Mauritania,2017,MRT,58.62534914298271
Mauritania,2018,MRT,52.871430934154176
Mauritania,2019,MRT,51.360571281986324
Mauritania,2020,MRT,49.450938084829865
Mauritania,2021,MRT,43.95240133574403
Mauritania,2022,MRT,39.6963272720619
Mauritania,2023,MRT,34.81745274244685
Mauritania,2024,MRT,32.78637044896846
Mauritius,2000,MUS,16.7746185633232
Mauritius,2001,MUS,15.58800053052028
Mauritius,2002,MUS,16.21489011907086
Mauritius,2003,MUS,14.747618219333877
Mauritius,2004,MUS,12.09422811117495
Mauritius,2005,MUS,10.427746902577544
Mauritius,2006,MUS,8.393369100098273
Mauritius,2007,MUS,7.593745953995157
Mauritius,2008,MUS,5.901123295802469
Mauritius,2009,MUS,8.000600268050151
Mauritius,2010,MUS,9.93277220950878
Mauritius,2011,MUS,10.036291173648591
Mauritius,2012,MUS,11.575735903940473
Mauritius,2013,MUS,14.124151068087528
Mauritius,2014,MUS,13.868196857885879
Mauritius,2015,MUS,14.32478657449821
Mauritius,2016,MUS,12.943601796093379
Mauritius,2017,MUS,11.338689849788537
Mauritius,2018,MUS,9.7334223737785
Mauritius,2019,MUS,9.598667160570795
Mauritius,2020,MUS,16.799698078541372
Mauritius,2021,MUS,24.610579723963777
Mauritius,2022,MUS,25.95239912224977
Mauritius,2023,MUS,26.06474013616056
Mauritius,2024,MUS,22.683147619111168
Morocco,2000,MAR,41.052082779587664
Morocco,2001,MAR,36.006980129027724
Morocco,2002,MAR,31.522437638642774
Morocco,2003,MAR,25.755739473245185
Morocco,2004,MAR,22.04118216743119
Morocco,2005,MAR,18.520945882640657
Morocco,2006,MAR,18.312011461956818
Morocco,2007,MAR,18.431552242836602
Morocco,2008,MAR,16.625971619586064
Morocco,2009,MAR,19.236427933754417
Morocco,2010,MAR,20.96302104241631
Morocco,2011,MAR,20.49539771459824
Morocco,2012,MAR,23.692340088391557
Morocco,2013,MAR,24.607021064805203
Morocco,2014,MAR,25.47339053168361
Morocco,2015,MAR,28.406641893419316
Morocco,2016,MAR,28.38085218278616
Morocco,2017,MAR,29.559204367855845
Morocco,2018,MAR,26.510957452273814
Morocco,2019,MAR,28.523086889931744
Morocco,2020,MAR,36.21568435090726
Morocco,2021,MAR,29.8701273007703
Morocco,2022,MAR,31.456980231399296
Morocco,2023,MAR,30.88979627378352
Morocco,2024,MAR,28.471728900788268
Mozambique,2000,MOZ,79.12760963243971
Mozambique,2001,MOZ,45.036570258407075
Mozambique,2002,MOZ,47.79856540245337
Mozambique,2003,MOZ,47.43084757138518
Mozambique,2004,MOZ,42.46412287892151
Mozambique,2005,MOZ,37.97831251691475
Mozambique,2006,MOZ,21.92880131861199
Mozambique,2007,MOZ,22.418921653871056
Mozambique,2008,MOZ,22.041499989164087
Mozambique,2009,MOZ,27.09841648972603
Mozambique,2010,MOZ,28.590501203995792
Mozambique,2011,MOZ,26.64014997332239
Mozambique,2012,MOZ,27.212777299256953
Mozambique,2013,MOZ,42.46615494534248
Mozambique,2014,MOZ,47.4448321826677
Mozambique,2015,MOZ,56.64352220679869
Mozambique,2016,MOZ,79.09806383544617
Mozambique,2017,MOZ,79.14976310064078
Mozambique,2018,MOZ,71.60082126789638
Mozambique,2019,MOZ,71.70973707857927
Mozambique,2020,MOZ,80.49640020723568
Mozambique,2021,MOZ,69.78067552882237
Mozambique,2022,MOZ,57.24630405051896
Mozambique,2023,MOZ,48.39610221786722
Mozambique,2024,MOZ,40.22927012706089
Niger,2000,NER,66.87067636689038
Niger,2001,NER,59.163396592956595
Niger,2002,NER,59.202218055555555
Niger,2003,NER,56.77581525133058
Niger,2004,NER,47.42625129471436
Niger,2005,NER,39.987744384720955
Niger,2006,NER,13.821959394897746
Niger,2007,NER,13.20396733030091
Niger,2008,NER,10.677472633603518
Niger,2009,NER,13.057671974330967
Niger,2010,NER,15.383719399081397
Niger,2011,NER,21.775279092986068
Niger,2012,NER,16.20506007437314
Niger,2013,NER,17.05176777777778
Niger,2014,NER,16.038452269621423
Niger,2015,NER,20.370737460760015
Niger,2016,NER,21.606656685024156
Niger,2017,NER,24.005045087201502
Niger,2018,NER,21.884329662088337
Niger,2019,NER,24.42113259038476
Niger,2020,NER,29.082378396541703
Niger,2021,NER,28.397261209542318
Niger,2022,NER,30.07517447729331
Niger,2023,NER,28.76134997620322
Niger,2024,NER,22.790791485452534
Nigeria,2000,NGA,31.454393771751647
Nigeria,2001,NGA,28.39226532695669
Nigeria,2002,NGA,21.217251998534152
Nigeria,2003,NGA,21.589550259597807
Nigeria,2004,NGA,17.733450274743536
Nigeria,2005,NGA,8.475778187446368
Nigeria,2006,NGA,1.2204462962608809
Nigeria,2007,NGA,0.9637179847489037
Nigeria,2008,NGA,0.8261685812955367
Nigeria,2009,NGA,0.9911028868900879
Nigeria,2010,NGA,0.8894154224396319
Nigeria,2011,NGA,1.0037665074649076
Nigeria,2012,NGA,1.0153208197715602
Nigeria,2013,NGA,1.1273821909809632
Nigeria,2014,NGA,1.1916841991212304
Nigeria,2015,NGA,1.533922651259611
Nigeria,2016,NGA,1.986190375260147
Nigeria,2017,NGA,3.5636039680880818
Nigeria,2018,NGA,4.255831623480166
Nigeria,2019,NGA,4.127310070291326
Nigeria,2020,NGA,5.354260077648337
Nigeria,2021,NGA,5.931215450671803
Nigeria,2022,NGA,6.19210195802268
Nigeria,2023,NGA,9.03665611145652
Nigeria,2024,NGA,19.908662203610344
Rwanda,2000,RWA,56.01475048316252
Rwanda,2001,RWA,59.12291161667515
Rwanda,2002,RWA,66.46568551706572
Rwanda,2003,RWA,66.18770575035062
Rwanda,2004,RWA,64.56715084589615
Rwanda,2005,RWA,48.03088205093378
Rwanda,2006,RWA,11.739238022905365
Rwanda,2007,RWA,13.907585185549276
Rwanda,2008,RWA,12.53472886166313
Rwanda,2009,RWA,12.608684211453744
Rwanda,2010,RWA,12.393747322011757
Rwanda,2011,RWA,14.110260736383443
Rwanda,2012,RWA,13.655739810556572
Rwanda,2013,RWA,19.85312200102289
Rwanda,2014,RWA,21.30385302669903
Rwanda,2015,RWA,24.0736406236836
Rwanda,2016,RWA,27.064747201840134
Rwanda,2017,RWA,30.621680264778995
Rwanda,2018,RWA,33.71542902573148
Rwanda,2019,RWA,37.966301887138854
Rwanda,2020,RWA,50.34577441222724
Rwanda,2021,RWA,52.35919200253028
Rwanda,2022,RWA,46.15444553143544
Rwanda,2023,RWA,50.456222159653905
Rwanda,2024,RWA,58.56149996351133
Sao Tome and Principe,2000,STP,361.4090751948052
Sao Tome and Principe,2001,STP,393.2755241666666
Sao Tome and Principe,2002,STP,376.47974625
Sao Tome and Principe,2003,STP,334.19294125000005
Sao Tome and Principe,2004,STP,322.511815
Sao Tome and Principe,2005,STP,251.30747824
Sao Tome and Principe,2006,STP,246.94012819548874
Sao Tome and Principe,2007,STP,96.87219386206898
Sao Tome and Principe,2008,STP,56.24860026595745
Sao Tome and Principe,2009,STP,60.68470213930349
Sao Tome and Principe,2010,STP,74.50454596858638
Sao Tome and Principe,2011,STP,76.85510859649123
Sao Tome and Principe,2012,STP,70.74094753246753
Sao Tome and Principe,2013,STP,66.00386416356878
Sao Tome and Principe,2014,STP,61.430117830508465
Sao Tome and Principe,2015,STP,81.29518175572518
Sao Tome and Principe,2016,STP,74.24896989795919
Sao Tome and Principe,2017,STP,76.53285926153846
Sao Tome and Principe,2018,STP,59.31491697674418
Sao Tome and Principe,2019,STP,56.886815456730766
Sao Tome and Principe,2020,STP,53.0641787815126
Sao Tome and Principe,2021,STP,46.42099950850662
Sao Tome and Principe,2022,STP,39.97261633699634
Sao Tome and Principe,2023,STP,35.74290745689655
Sao Tome and Principe,2024,STP,30.741553164251208
Senegal,2000,SEN,53.327424330119676
Senegal,2001,SEN,48.694678203749234
Senegal,2002,SEN,50.08091636337666
Senegal,2003,SEN,44.670087771187404
Senegal,2004,SEN,34.91377687847498
Senegal,2005,SEN,31.778673936450296
Senegal,2006,SEN,13.998431059064876
Senegal,2007,SEN,14.19440073592455
Senegal,2008,SEN,14.06813024210776
Senegal,2009,SEN,18.309966434771827
Senegal,2010,SEN,19.521614870459896
Senegal,2011,SEN,20.278204188422887
Senegal,2012,SEN,23.65419998189226
Senegal,2013,SEN,23.834491292880173
Senegal,2014,SEN,25.053042918897084
Senegal,2015,SEN,29.964968033413957
Senegal,2016,SEN,32.29975255266614
Senegal,2017,SEN,39.74916954595264
Senegal,2018,SEN,52.73087505296839
Senegal,2019,SEN,59.09311846101261
Senegal,2020,SEN,65.66052973383876
Senegal,2021,SEN,61.35431898346868
Senegal,2022,SEN,64.49012892036036
Senegal,2023,SEN,73.0107678929025
Senegal,2024,SEN,76.46843699689175
Sierra Leone,2000,SLE,67.14082020026703
Sierra Leone,2001,SLE,61.62951879490151
Sierra Leone,2002,SLE,60.55217285929647
Sierra Leone,2003,SLE,61.49615692966637
Sierra Leone,2004,SLE,61.52121305258659
Sierra Leone,2005,SLE,57.20936411979547
Sierra Leone,2006,SLE,46.298997487277354
Sierra Leone,2007,SLE,13.963973071573458
Sierra Leone,2008,SLE,13.875769890473762
Sierra Leone,2009,SLE,15.932815947299078
Sierra Leone,2010,SLE,15.831032249640625
Sierra Leone,2011,SLE,15.449421402375496
Sierra Leone,2012,SLE,14.622465236686391
Sierra Leone,2013,SLE,13.43343289192399
Sierra Leone,2014,SLE,14.053155503757091
Sierra Leone,2015,SLE,14.120679186666665
Sierra Leone,2016,SLE,16.22374638953296
Sierra Leone,2017,SLE,18.71535693628714
Sierra Leone,2018,SLE,17.898201010954615
Sierra Leone,2019,SLE,19.037600111980368
Sierra Leone,2020,SLE,20.34838124363963
Sierra Leone,2021,SLE,19.35632255966504
Sierra Leone,2022,SLE,18.934752265767663
Sierra Leone,2023,SLE,21.327146371736752
Sierra Leone,2024,SLE,16.864614109342916
"Somalia, Fed. Rep.",2011,SOM,37.407371861808045
"Somalia, Fed. Rep.",2012,SOM,36.086060374300594
"Somalia, Fed. Rep.",2013,SOM,31.696492186062365
"Somalia, Fed. Rep.",2014,SOM,27.92583735526929
"Somalia, Fed. Rep.",2015,SOM,25.710068896360177
"Somalia, Fed. Rep.",2016,SOM,23.594770788797188
"Somalia, Fed. Rep.",2017,SOM,21.63911943165293
"Somalia, Fed. Rep.",2018,SOM,26.044833256700116
"Somalia, Fed. Rep.",2019,SOM,23.678271374927785
"Somalia, Fed. Rep.",2020,SOM,30.23339362888271
"Somalia, Fed. Rep.",2021,SOM,24.389924003584984
"Somalia, Fed. Rep.",2022,SOM,22.653657740860535
"Somalia, Fed. Rep.",2023,SOM,18.40919753122436
"Somalia, Fed. Rep.",2024,SOM,5.457794596661458
South Africa,2000,ZAF,6.7964695094662675
South Africa,2001,ZAF,6.653539669364777
South Africa,2002,ZAF,12.479992241063494
South Africa,2003,ZAF,9.222832705248786
South Africa,2004,ZAF,6.948142318648805
South Africa,2005,ZAF,6.362289530976731
South Africa,2006,ZAF,5.853545479995396
South Africa,2007,ZAF,5.369790446866076
South Africa,2008,ZAF,6.804870163006214
South Africa,2009,ZAF,7.050560550268129
South Africa,2010,ZAF,8.707516304062878
South Africa,2011,ZAF,9.658641199782869
South Africa,2012,ZAF,14.076091622974216
South Africa,2013,ZAF,14.987172329567422
South Africa,2014,ZAF,16.440787394089636
South Africa,2015,ZAF,15.554322106426127
South Africa,2016,ZAF,21.543842349664445
South Africa,2017,ZAF,23.77099765074728
South Africa,2018,ZAF,21.890619628998774
South Africa,2019,ZAF,26.220904658711092
South Africa,2020,ZAF,29.4325932188436
South Africa,2021,ZAF,22.670212481173106
South Africa,2022,ZAF,22.395242881157497
South Africa,2023,ZAF,23.476983920237902
South Africa,2024,ZAF,24.387746651407717
Sudan,2000,SDN,77.36823025810872
Sudan,2001,SDN,64.10897666709087
Sudan,2002,SDN,58.847335578651375
Sudan,2003,SDN,52.60933169468508
Sudan,2004,SDN,43.988310037153795
Sudan,2005,SDN,32.140868654748026
Sudan,2006,SDN,26.545389572066103
Sudan,2007,SDN,21.72505552927322
Sudan,2008,SDN,20.526470691160366
Sudan,2009,SDN,25.35143656881705
Sudan,2010,SDN,22.274217602258204
Sudan,2011,SDN,23.00787045268481
Sudan,2012,SDN,32.43138558184195
Sudan,2013,SDN,31.31187839143916
Sudan,2014,SDN,26.432735657708395
Sudan,2015,SDN,24.708916940217556
Sudan,2016,SDN,24.180658357631607
Sudan,2017,SDN,32.686671555637346
Sudan,2018,SDN,46.9254000002977
Sudan,2019,SDN,53.34121233928344
Sudan,2020,SDN,48.483837471975484
Sudan,2021,SDN,44.424223570188666
Sudan,2022,SDN,45.530601077313435
Sudan,2023,SDN,41.544157307681914
Sudan,2024,SDN,51.22924000034266
Tanzania,2000,TZA,48.39715303581534
Tanzania,2001,TZA,43.92356758604283
Tanzania,2002,TZA,45.77141209784348
Tanzania,2003,TZA,42.48708737552087
Tanzania,2004,TZA,41.99140919619928
Tanzania,2005,TZA,37.71766781996041
Tanzania,2006,TZA,13.057573886004874
Tanzania,2007,TZA,14.645163913801007
Tanzania,2008,TZA,13.45023400770366
Tanzania,2009,TZA,16.09089199583632
Tanzania,2010,TZA,17.828652040803515
Tanzania,2011,TZA,19.180189521952922
Tanzania,2012,TZA,19.84046963783102
Tanzania,2013,TZA,22.18076601987871
Tanzania,2014,TZA,23.107092435676847
Tanzania,2015,TZA,26.62106398764339
Tanzania,2016,TZA,26.28379341182144
Tanzania,2017,TZA,27.006274812592597
Tanzania,2018,TZA,27.986031722501142
Tanzania,2019,TZA,28.702654577784582
Tanzania,2020,TZA,27.71556271724551
Tanzania,2021,TZA,27.864557867400386
Tanzania,2022,TZA,26.359958590592264
Tanzania,2023,TZA,28.564921425837074
Tanzania,2024,TZA,30.639108330304403
Togo,2000,TGO,61.05429706554122
Togo,2001,TGO,60.21469937999999
Togo,2002,TGO,58.075947405475894
Togo,2003,TGO,52.49821517519271
Togo,2004,TGO,52.46750591863517
Togo,2005,TGO,46.756190107142864
Togo,2006,TGO,48.49681468956823
Togo,2007,TGO,43.563795167553195
Togo,2008,TGO,32.01216881826125
Togo,2009,TGO,31.30155588933644
Togo,2010,TGO,21.26920216631579
Togo,2011,TGO,6.944601785648405
Togo,2012,TGO,8.421680782721063
Togo,2013,TGO,9.880277832945865
Togo,2014,TGO,11.192171232212665
Togo,2015,TGO,14.606276436761641
Togo,2016,TGO,16.22000757291152
Togo,2017,TGO,17.865783118245886
Togo,2018,TGO,16.516373439988627
Togo,2019,TGO,19.5292365036465
Togo,2020,TGO,24.17852014054054
Togo,2021,TGO,22.196764325977455
Togo,2022,TGO,22.77277775294695
Togo,2023,TGO,23.06265395881511
Togo,2024,TGO,24.76864130114566
Tunisia,2000,TUN,39.46159689797549
Tunisia,2001,TUN,39.370628524151044
Tunisia,2002,TUN,45.22912585482409
Tunisia,2003,TUN,45.97743090113553
Tunisia,2004,TUN,44.63348528523387
Tunisia,2005,TUN,38.70455416649434
Tunisia,2006,TUN,37.675561548295846
Tunisia,2007,TUN,36.013281389304
Tunisia,2008,TUN,31.112202032781312
Tunisia,2009,TUN,32.97612641019455
Tunisia,2010,TUN,32.15424393140013
Tunisia,2011,TUN,31.390110123436266
Tunisia,2012,TUN,35.24263317854198
Tunisia,2013,TUN,34.78160955218669
Tunisia,2014,TUN,33.81400747637897
Tunisia,2015,TUN,39.553792863540046
Tunisia,2016,TUN,41.93956057912534
Tunisia,2017,TUN,52.79604360186876
Tunisia,2018,TUN,52.80220581746199
Tunisia,2019,TUN,56.75357097697172
Tunisia,2020,TUN,60.66152482162187
Tunisia,2021,TUN,49.45716026573815
Tunisia,2022,TUN,48.511723486187094
Tunisia,2023,TUN,45.451126981314765
Tunisia,2024,TUN,39.33161622390175
Uganda,2000,UGA,39.34118510185663
Uganda,2001,UGA,42.18048811869815
Uganda,2002,UGA,42.3089860735905
Uganda,2003,UGA,47.567044560458456
Uganda,2004,UGA,41.09343546790698
Uganda,2005,UGA,33.77756689085072
Uganda,2006,UGA,7.808648491370127
Uganda,2007,UGA,8.96913954088625
Uganda,2008,UGA,7.940183487220661
Uganda,2009,UGA,9.321956546231384
Uganda,2010,UGA,10.829034534699995
Uganda,2011,UGA,10.77523394785644
Uganda,2012,UGA,11.242759094023725
Uganda,2013,UGA,12.571466731619807
Uganda,2014,UGA,12.121840818898544
Uganda,2015,UGA,16.165301024500366
Uganda,2016,UGA,18.019677625363855
Uganda,2017,UGA,21.833754956788756
Uganda,2018,UGA,22.604774344488074
Uganda,2019,UGA,22.855468293442406
Uganda,2020,UGA,31.223054279455237
Uganda,2021,UGA,29.725787748551674
Uganda,2022,UGA,26.636819839197685
Uganda,2023,UGA,27.016944766263485
Uganda,2024,UGA,25.074164111360076
Zambia,2000,ZMB,123.42821024715356
Zambia,2001,ZMB,124.83555491472869
Zambia,2002,ZMB,125.46562894849787
Zambia,2003,ZMB,113.84149560791512
Zambia,2004,ZMB,94.02671267802603
Zambia,2005,ZMB,46.233175197502696
Zambia,2006,ZMB,6.712266424541608
Zambia,2007,ZMB,7.199670499288763
Zambia,2008,ZMB,5.803529579100145
Zambia,2009,ZMB,7.138473609444299
Zambia,2010,ZMB,6.214449387583893
Zambia,2011,ZMB,8.604034029844383
Zambia,2012,ZMB,13.614208969100464
Zambia,2013,ZMB,13.380029787818273
Zambia,2014,ZMB,19.359078714312027
Zambia,2015,ZMB,33.04328202400565
Zambia,2016,ZMB,36.22921681755306
Zambia,2017,ZMB,36.99123818079926
Zambia,2018,ZMB,41.72550888111888
Zambia,2019,ZMB,56.456447344373416
Zambia,2020,ZMB,83.01648563457933
Zambia,2021,ZMB,69.05318007467415
Zambia,2022,ZMB,53.897926597860376
Zambia,2023,ZMB,55.785837964681996
Zambia,2024,ZMB,58.775562954493665
Zimbabwe,2000,ZWE,17.24458271023575
Zimbabwe,2001,ZWE,16.98019506771805
Zimbabwe,2002,ZWE,20.077318519008887
Zimbabwe,2003,ZWE,25.1827827359491
Zimbabwe,2004,ZWE,26.902567002502682
Zimbabwe,2005,ZWE,25.649736310512534
Zimbabwe,2006,ZWE,30.338475689583504
Zimbabwe,2007,ZWE,33.8929873448096
Zimbabwe,2008,ZWE,40.27989786074672
Zimbabwe,2009,ZWE,28.985035827615178
Zimbabwe,2010,ZWE,23.670931654213728
Zimbabwe,2011,ZWE,20.783151523790604
Zimbabwe,2012,ZWE,18.20350194059488
Zimbabwe,2013,ZWE,16.630685837195397
Zimbabwe,2014,ZWE,15.200627212900027
Zimbabwe,2015,ZWE,16.127704574547526
Zimbabwe,2016,ZWE,15.647492612708069
Zimbabwe,2017,ZWE,15.060028291637115
Zimbabwe,2018,ZWE,8.607843776941053
Zimbabwe,2019,ZWE,11.694124292538215
Zimbabwe,2020,ZWE,12.1609830591562
Zimbabwe,2021,ZWE,9.310419248278098
Zimbabwe,2022,ZWE,10.229786627959646
Zimbabwe,2023,ZWE,12.170083585819889
Zimbabwe,2024,ZWE,10.810455652846157
