debtor_name,year,China (bilateral),China (private),Other creditors
Africa (excluding high income),2000,2669942630.4,931387.9,234869343300.30002
Africa (excluding high income),2001,2641111398.6,7224373.7,223802711892.0
Africa (excluding high income),2002,2745848181.7000003,6078769.6,243134321821.0
Africa (excluding high income),2003,2868803004.5,5533815.2,264147630375.3
Africa (excluding high income),2004,3130233739.0,6153942.9,269425628300.9
Africa (excluding high income),2005,3308596748.9,175345966.1,239166113251.80002
Africa (excluding high income),2006,4185445005.0,316957248.8,177570278921.8
Africa (excluding high income),2007,5112183350.3,352801967.7,191740049566.3
Africa (excluding high income),2008,6423202019.400001,385737741.3,196822550099.6
Africa (excluding high income),2009,8244042417.5,1332573405.8,210156766085.6
Africa (excluding high income),2010,11348768741.4,5297447609.1,214876286486.0
Africa (excluding high income),2011,13854226776.7,7092837891.5,231620760174.4
Africa (excluding high income),2012,17599754170.0,7100470813.0,258167089946.5
Africa (excluding high income),2013,23871917299.8,9115983821.7,290479092582.7
Africa (excluding high income),2014,31552237339.3,11145083832.8,306721484260.5
Africa (excluding high income),2015,37131906544.8,10915662948.7,320028013142.60004
Africa (excluding high income),2016,44259463330.9,19408154686.1,350518591374.8
Africa (excluding high income),2017,51375819746.4,20840414739.7,418080613594.8
Africa (excluding high income),2018,59394125651.0,21875774415.0,454103270067.6
Africa (excluding high income),2019,64562036514.7,24091113092.6,503714004248.1
Africa (excluding high income),2020,67131369867.8,24248511723.9,552214384742.8
Africa (excluding high income),2021,67686120665.8,24239396720.0,569548712568.7
Africa (excluding high income),2022,65675542274.2,24299047369.6,575084762902.1
Africa (excluding high income),2023,64699445713.6,22744258610.0,610353385074.3
Africa (excluding high income),2024,62153310834.0,20064353175.1,625714849277.0
Sub-Saharan Africa (excluding high income),2000,2483758617.9,931387.9,161025745615.9
Sub-Saharan Africa (excluding high income),2001,2513429467.7,6710373.7,153089178459.6
Sub-Saharan Africa (excluding high income),2002,2594358995.2,5735769.6,169696606826.7
Sub-Saharan Africa (excluding high income),2003,2711206755.0,5362815.2,186325592627.1
Sub-Saharan Africa (excluding high income),2004,2966767287.0,5362942.9,190678108204.2
Sub-Saharan Africa (excluding high income),2005,3151500615.9,174554966.1,169299982057.2
Sub-Saharan Africa (excluding high income),2006,4006399460.8,316957248.8,117340109657.8
Sub-Saharan Africa (excluding high income),2007,4843885817.4,352801967.7,124836231185.6
Sub-Saharan Africa (excluding high income),2008,6092458058.6,385737741.3,131212164294.6
Sub-Saharan Africa (excluding high income),2009,7826443179.0,1332573405.8,141129742779.2
Sub-Saharan Africa (excluding high income),2010,10592881911.0,5297447609.1,144310883732.3
Sub-Saharan Africa (excluding high income),2011,13313121878.3,7092837891.5,161295354869.7
Sub-Saharan Africa (excluding high income),2012,17007871822.7,7100470813.0,183218457603.1
Sub-Saharan Africa (excluding high income),2013,23383250476.9,9115983821.7,201872552448.6
Sub-Saharan Africa (excluding high income),2014,31039429636.9,11145083832.8,221648683868.2
Sub-Saharan Africa (excluding high income),2015,36348274351.2,10915662948.7,225965674297.4
Sub-Saharan Africa (excluding high income),2016,41389566643.5,19408154686.1,247497446797.9
Sub-Saharan Africa (excluding high income),2017,48062565990.8,20840414739.7,295849002990.3
Sub-Saharan Africa (excluding high income),2018,54480647908.1,21875774415.0,320965308431.6
Sub-Saharan Africa (excluding high income),2019,58454159836.0,24091113092.6,355587723781.3
Sub-Saharan Africa (excluding high income),2020,61219066790.9,23749710723.9,385293340495.1
Sub-Saharan Africa (excluding high income),2021,62068027058.0,23385423720.0,398107772549.3
Sub-Saharan Africa (excluding high income),2022,60302071211.9,22652967369.6,405506449906.39996
Sub-Saharan Africa (excluding high income),2023,58754593210.8,20414620610.0,430119041616.1
Sub-Saharan Africa (excluding high income),2024,56775669617.7,17740359175.1,456299953413.3
Algeria,2000,72034637.1,0.0,23281924001.8
Algeria,2001,32293435.8,514000.0,20836673873.7
Algeria,2002,33546606.8,343000.0,21284776799.4
Algeria,2003,34468878.6,171000.0,21852154587.6
Algeria,2004,33391328.0,791000.0,20397926609.6
Algeria,2005,27344934.2,791000.0,15488118127.300001
Algeria,2006,25506662.1,0.0,3835642263.9
Algeria,2007,64328764.7,,3964645600.9
Algeria,2008,57302813.3,,3237522067.7000003
Algeria,2009,76497918.6,,2985445404.4
Algeria,2010,71804410.5,,2590254138.5
Algeria,2011,72693682.7,,2182727553.1
Algeria,2012,78776400.9,,1569718463.5
Algeria,2013,81927000.6,,1371418459.8
Algeria,2014,75546597.0,,1049443251.9
Algeria,2015,69083247.6,,801153951.9
Algeria,2016,65947947.7,,1586785755.5
Algeria,2017,73221928.8,,1642681016.4
Algeria,2018,69782169.3,,1453064662.9
Algeria,2019,68457576.9,,1329720650.6
Algeria,2020,74185779.1,,1362225716.1000001
Algeria,2021,71282621.7,,1169081880.6
Algeria,2022,66292156.8,,989391413.5
Algeria,2023,67194660.3,,925569952.6
Algeria,2024,64137564.0,,787413647.0
Angola,2000,61701000.0,,8023143148.0
Angola,2001,61701000.0,,6921013292.1
Angola,2002,54101000.0,,7486249651.9
Angola,2003,54101000.0,,7580369053.7
Angola,2004,81011000.0,,8099868840.0
Angola,2005,182010000.0,23914000.0,9326195023.4
Angola,2006,556493000.0,16387000.0,6789101528.7
Angola,2007,1074852000.0,14860000.0,8150763948.2
Angola,2008,1438256000.0,2118000.0,11344509279.6
Angola,2009,1573891000.0,0.0,12165615332.199999
Angola,2010,1559148000.0,3416666000.0,10686230702.2
Angola,2011,1463243000.0,5032678000.0,11743390146.9
Angola,2012,1600053000.0,4705920000.0,13640778680.4
Angola,2013,2124269000.0,6691231000.0,16338636364.4
Angola,2014,2292521000.0,8244986000.0,21964587188.5
Angola,2015,2581684000.0,7320286000.0,22949885559.2
Angola,2016,3304503000.0,15523883000.0,22201552957.4
Angola,2017,3503446000.0,16885811000.0,21518931562.3
Angola,2018,5023633000.0,17897170000.0,24157673409.3
Angola,2019,4577959000.0,17876132000.0,25142840594.6
Angola,2020,4625869000.0,17440535000.0,25317174074.3
Angola,2021,4569259000.0,17394460000.0,24681800507.1
Angola,2022,4039806000.0,16885037000.0,27231809278.8
Angola,2023,3250803000.0,14612036000.0,27593968005.100002
Angola,2024,2596005403.6,11805826000.0,31707714521.9
Benin,2000,36599903.8,,1209304758.6
Benin,2001,40313285.3,,1269632117.8
Benin,2002,47106786.1,,1409155469.6
Benin,2003,40126741.3,,1321584782.9
Benin,2004,38835498.1,,1473884045.0
Benin,2005,64114719.2,,1386557193.6
Benin,2006,101779322.3,,500701501.7
Benin,2007,123488686.1,,643236229.1
Benin,2008,128612244.8,,743286895.1
Benin,2009,113461709.2,,869181542.8
Benin,2010,115507582.4,,996741683.0
Benin,2011,129307865.0,,1062844310.0
Benin,2012,143434873.6,,1156579747.1
Benin,2013,138526687.5,,1456348709.8000002
Benin,2014,200114423.8,,1561521311.7
Benin,2015,245432173.3,,1656569146.3
Benin,2016,239395522.3,,1778335205.0
Benin,2017,288556422.4,,2222071980.3
Benin,2018,317500948.5,,2581178634.3
Benin,2019,302100758.6,0.0,3301142212.7
Benin,2020,319764648.2,0.0,4145103580.3
Benin,2021,341042006.8,11703155.8,5483624035.3
Benin,2022,296961065.1,17012270.0,5726322941.2
Benin,2023,267340836.5,18259020.0,7027548212.4
Benin,2024,293856587.1,71765134.2,8554896038.8
Botswana,2000,29699668.4,,408055574.3
Botswana,2001,28222622.3,,350652172.0
Botswana,2002,26595145.7,,445828777.6
Botswana,2003,30992062.1,,453657044.0
Botswana,2004,44999698.0,,443027024.2
Botswana,2005,48769795.0,,363538977.5
Botswana,2006,49526169.5,,308647638.1
Botswana,2007,79985214.8,,316316022.2
Botswana,2008,81148567.5,,315644635.2
Botswana,2009,83482909.1,,1311782251.5
Botswana,2010,79441936.2,,1279049339.7
Botswana,2011,57468139.5,,1842547055.2
Botswana,2012,54072278.0,,1879415222.6999998
Botswana,2013,47859203.0,,1764757909.1
Botswana,2014,57822846.9,,1850213935.0
Botswana,2015,45337595.3,,1713475445.8
Botswana,2016,34085297.4,,1631052971.7
Botswana,2017,28093863.3,,1514457455.2
Botswana,2018,18821975.8,,1424408158.9
Botswana,2019,13465722.0,,1319922561.8
Botswana,2020,9056756.8,,1274931886.4
Botswana,2021,3811848.6,,1478568953.5
Botswana,2022,0.0,,1558367582.3
Botswana,2023,0.0,,1563597634.7
Botswana,2024,,,1851933959.3000002
Burkina Faso,2000,34678016.5,,1202942615.8
Burkina Faso,2001,35223321.8,,1288984733.6999998
Burkina Faso,2002,34345283.3,,1379659673.1
Burkina Faso,2003,32453982.3,,1572619812.6999998
Burkina Faso,2004,57753484.8,,1733360979.5
Burkina Faso,2005,55024006.8,,1817109142.1999998
Burkina Faso,2006,52199111.3,,953574638.8
Burkina Faso,2007,50180990.2,,1223022765.4
Burkina Faso,2008,61559088.8,,1460993922.5
Burkina Faso,2009,58043688.8,,1686364585.4
Burkina Faso,2010,55285934.5,,1913056324.0
Burkina Faso,2011,53075691.4,,2055813033.5
Burkina Faso,2012,49585869.8,,2237610725.8
Burkina Faso,2013,44940980.6,,2287165712.3
Burkina Faso,2014,38126713.0,,2280474978.2
Burkina Faso,2015,76851897.5,,2309992426.6
Burkina Faso,2016,70297719.7,,2503530310.5
Burkina Faso,2017,67192066.8,,2808909837.3
Burkina Faso,2018,61736484.0,,2983906012.5
Burkina Faso,2019,57115884.0,,3318778359.4
Burkina Faso,2020,88648838.3,,3943281495.6
Burkina Faso,2021,121706536.2,,4242943144.8
Burkina Faso,2022,120132041.5,,4319615609.7
Burkina Faso,2023,107467819.8,,4738570729.0
Burkina Faso,2024,98843965.4,,5022404685.4
Burundi,2000,19531068.0,,1015952224.8
Burundi,2001,2860284.2,,982106400.0
Burundi,2002,12081234.3,,1091552472.2
Burundi,2003,12082110.0,,1239208939.8
Burundi,2004,12082402.0,,1260485319.0
Burundi,2005,12391266.6,,1163159592.4
Burundi,2006,12806229.0,,1217598948.1
Burundi,2007,0.0,,1275539170.3
Burundi,2008,0.0,,1233763833.5
Burundi,2009,0.0,,392969790.29999995
Burundi,2010,0.0,,381242130.4
Burundi,2011,0.0,,363355037.6
Burundi,2012,0.0,,407979277.5
Burundi,2013,0.0,,394740120.8
Burundi,2014,0.0,,404514416.5
Burundi,2015,10744204.0,,398332516.8
Burundi,2016,13713200.4,,396087930.70000005
Burundi,2017,14636034.2,,405444465.1
Burundi,2018,13906902.1,,413241928.1
Burundi,2019,42247636.2,,437047642.0
Burundi,2020,45198283.1,,487228649.2
Burundi,2021,46377288.2,,529398708.9
Burundi,2022,43420800.4,,526812809.9
Burundi,2023,41786907.4,,556182600.8
Burundi,2024,37242746.1,,563987195.4
Cabo Verde,2000,6004301.7,,308983264.4
Cabo Verde,2001,0.0,,341256876.3
Cabo Verde,2002,0.0,,380584683.0
Cabo Verde,2003,0.0,,431385788.8
Cabo Verde,2004,0.0,,452618676.5
Cabo Verde,2005,0.0,,463306665.9
Cabo Verde,2006,0.0,,509521549.2
Cabo Verde,2007,0.0,,564855486.3
Cabo Verde,2008,0.0,,611384188.0
Cabo Verde,2009,16405787.7,,681309108.0
Cabo Verde,2010,22181880.8,,840027867.2
Cabo Verde,2011,29946039.5,,991613038.5
Cabo Verde,2012,31721947.9,,1199635171.6999998
Cabo Verde,2013,32695064.8,,1444625449.1
Cabo Verde,2014,31519529.4,,1505941413.4
Cabo Verde,2015,27661711.5,,1510191736.5
Cabo Verde,2016,23923853.9,,1515842381.8
Cabo Verde,2017,34821395.7,,1742513921.5
Cabo Verde,2018,32710200.0,,1722497499.8
Cabo Verde,2019,30179046.8,,1784951895.8999999
Cabo Verde,2020,31568654.5,,2000205695.7
Cabo Verde,2021,33039055.6,,1960596410.5
Cabo Verde,2022,27866304.0,,1890249226.5
Cabo Verde,2023,24632398.2,,1915489962.9
Cabo Verde,2024,20699665.8,,1824463143.2
Cameroon,2000,31129586.3,,8722150699.2
Cameroon,2001,31131838.3,,8292916478.5
Cameroon,2002,47308905.1,,8985376266.0
Cameroon,2003,47774475.2,,10001430090.7
Cameroon,2004,49216818.8,,9254806974.2
Cameroon,2005,57927387.4,,6409135021.4
Cameroon,2006,42827778.6,,2348716973.3999996
Cameroon,2007,50665072.0,,2105962355.2
Cameroon,2008,106330337.3,,1991166366.8000002
Cameroon,2009,118312498.9,,2048573487.2
Cameroon,2010,197361301.4,,1962341960.7
Cameroon,2011,243461235.4,,1879891305.0
Cameroon,2012,566442528.1,,2356304783.9
Cameroon,2013,1257649185.4,,2815699228.8
Cameroon,2014,1904339228.8,,2712722066.6
Cameroon,2015,2139453491.0,0.0,3591186703.5
Cameroon,2016,2336034555.7,49750000.0,3911444277.2
Cameroon,2017,2971679556.3,79837000.0,4942822495.5
Cameroon,2018,3023055114.0,108550000.0,6023226036.9
Cameroon,2019,3424868962.4,178080000.0,6785108998.0
Cameroon,2020,3602438000.5,169549000.0,7618975780.1
Cameroon,2021,3575363744.7,144387000.0,8660187612.7
Cameroon,2022,3674905128.7,119225000.0,8071949037.6
Cameroon,2023,3460746856.0,94061000.0,8573391292.6
Cameroon,2024,3236293722.7,68899000.0,9211346568.0
Central African Republic,2000,7354242.7,,789975930.1
Central African Republic,2001,7354774.7,,751052299.1
Central African Republic,2002,11964669.7,,957232894.7
Central African Republic,2003,10395809.9,,887306544.2
Central African Republic,2004,9703860.3,,921351149.7
Central African Republic,2005,9951921.9,,861507116.9
Central African Republic,2006,10285194.7,,853272210.5
Central African Republic,2007,10994989.5,,841052606.2
Central African Republic,2008,10591548.9,,806623351.4
Central African Republic,2009,12369877.9,,276389041.40000004
Central African Republic,2010,47952407.6,,327441327.5
Central African Republic,2011,51876874.7,,262106561.3
Central African Republic,2012,61504738.1,,273569692.8
Central African Republic,2013,82689269.8,,272520702.0
Central African Republic,2014,79847033.9,,343637081.4
Central African Republic,2015,113750905.2,,337965025.8
Central African Republic,2016,107568563.1,,339679013.4
Central African Republic,2017,112369003.1,,312960459.09999996
Central African Republic,2018,72495257.4,,372062262.7
Central African Republic,2019,64332331.4,,382165363.4
Central African Republic,2020,41423434.2,,387129232.7
Central African Republic,2021,21976642.0,,411272420.5
Central African Republic,2022,20040080.2,,424746984.7
Central African Republic,2023,19597961.9,,436432457.6
Central African Republic,2024,19180184.1,,419597491.6
Chad,2000,21913526.0,,963618236.9
Chad,2001,19281192.5,,957246800.9
Chad,2002,19280229.2,,1118497130.6
Chad,2003,14661245.7,,1389658525.9
Chad,2004,14661499.3,,1511824310.5
Chad,2005,14929797.7,,1510889205.9
Chad,2006,0.0,,1662380498.8000002
Chad,2007,0.0,,1752330215.8000002
Chad,2008,45436748.4,,1697707677.9
Chad,2009,45479335.7,,1704380171.6
Chad,2010,46889127.1,,2001974658.2
Chad,2011,132778174.6,,2089152096.0
Chad,2012,171810766.4,,2080561890.6
Chad,2013,173926445.2,,2645189211.8
Chad,2014,242569780.5,,3379548854.7
Chad,2015,237203754.9,,2424168786.8
Chad,2016,247075812.5,,2401143688.5
Chad,2017,252839355.9,,2596701800.8
Chad,2018,240616753.7,,2511801171.6
Chad,2019,235246924.9,,2482290420.5
Chad,2020,310892166.2,,2470049966.4
Chad,2021,316247932.5,,2324966905.5
Chad,2022,275917498.1,,1968002694.3
Chad,2023,227733128.0,,1969836398.6
Chad,2024,208267677.9,,2235469689.1
Comoros,2000,1208109.0,,200543765.3
Comoros,2001,1208196.4,,215892100.8
Comoros,2002,1208123.4,,238412152.7
Comoros,2003,1208211.0,,260050336.2
Comoros,2004,1208240.2,,267953423.5
Comoros,2005,1239126.7,,252619652.0
Comoros,2006,1280622.9,,254732512.0
Comoros,2007,1369000.4,,273539703.4
Comoros,2008,,,264357820.5
Comoros,2009,,,258575325.7
Comoros,2010,0.0,,248519996.8
Comoros,2011,0.0,,243307922.6
Comoros,2012,0.0,,220195412.3
Comoros,2013,0.0,,108112704.9
Comoros,2014,0.0,,104286667.4
Comoros,2015,0.0,,94926719.6
Comoros,2016,29642867.4,,117280839.7
Comoros,2017,30055900.2,,124436590.4
Comoros,2018,79194221.5,,164508826.3
Comoros,2019,76252468.8,,161840690.7
Comoros,2020,93000964.1,,168382145.5
Comoros,2021,110147557.5,,177000778.1
Comoros,2022,103279415.9,,199911211.6
Comoros,2023,99558905.8,,220944531.0
Comoros,2024,89859025.7,,234115678.3
"Congo, Dem. Rep.",2000,61718057.6,,7810594228.5
"Congo, Dem. Rep.",2001,61721075.7,,7516934609.9
"Congo, Dem. Rep.",2002,61718555.5,,8775852285.8
"Congo, Dem. Rep.",2003,72794591.9,,10062442561.3
"Congo, Dem. Rep.",2004,69396076.7,,10039098477.6
"Congo, Dem. Rep.",2005,67223691.5,,9328316054.1
"Congo, Dem. Rep.",2006,64625729.5,,9792206202.8
"Congo, Dem. Rep.",2007,64942694.6,,10832984620.7
"Congo, Dem. Rep.",2008,63534349.0,,10791954389.400002
"Congo, Dem. Rep.",2009,58869055.1,,10814544737.2
"Congo, Dem. Rep.",2010,709647181.9,,3427503888.9
"Congo, Dem. Rep.",2011,858659201.9,,2794345892.5
"Congo, Dem. Rep.",2012,977027961.2,,2782081205.7
"Congo, Dem. Rep.",2013,1681060565.0,,2903378388.2
"Congo, Dem. Rep.",2014,1742247329.9,,2525334894.2
"Congo, Dem. Rep.",2015,1863712736.5,,2357514170.3
"Congo, Dem. Rep.",2016,1867069466.0,,2147135121.2
"Congo, Dem. Rep.",2017,1906777882.8,,2305111017.2
"Congo, Dem. Rep.",2018,3168187760.8,,2377258081.0
"Congo, Dem. Rep.",2019,3174065283.0,,2575045335.2
"Congo, Dem. Rep.",2020,3922907200.0,,2783914645.8999996
"Congo, Dem. Rep.",2021,3973505595.3,,2898780655.8
"Congo, Dem. Rep.",2022,3457055495.8,,3078635071.2
"Congo, Dem. Rep.",2023,3529862009.6,,3906778537.1
"Congo, Dem. Rep.",2024,3520536189.8,,4404348931.7
"Congo, Rep.",2000,35544258.1,,3712505348.2
"Congo, Rep.",2001,38125000.1,,3609917217.2999997
"Congo, Rep.",2002,40700711.6,,3951796196.9
"Congo, Rep.",2003,42770790.3,0.0,4404037527.5
"Congo, Rep.",2004,48990998.5,0.0,5790984670.9
"Congo, Rep.",2005,64110431.0,119000000.0,5283621768.2
"Congo, Rep.",2006,79063608.7,238000000.0,5504408743.1
"Congo, Rep.",2007,73913698.3,238000000.0,4591059592.3
"Congo, Rep.",2008,82941210.9,238000000.0,4628517995.9
"Congo, Rep.",2009,96207037.2,226100000.0,4308617441.4
"Congo, Rep.",2010,571529893.1,568430000.0,1309689562.8999999
"Congo, Rep.",2011,824165262.9,605028000.0,1458891505.6
"Congo, Rep.",2012,1100628171.5,646171000.0,1492469603.1
"Congo, Rep.",2013,1659892412.7,562514000.0,1600556519.8999999
"Congo, Rep.",2014,2256638150.3,490757000.0,2631893719.9
"Congo, Rep.",2015,2403405326.1,418999000.0,3382464666.4
"Congo, Rep.",2016,2411078841.2,407099000.0,3544135454.4
"Congo, Rep.",2017,2581264794.6,391000000.0,3958216977.7
"Congo, Rep.",2018,2391107476.7,530000000.0,3732081489.3999996
"Congo, Rep.",2019,2403779573.7,1676879000.0,3925696191.2999997
"Congo, Rep.",2020,2207123534.2,1586669000.0,3978025343.2
"Congo, Rep.",2021,2213031596.4,1516180000.0,3748496876.9
"Congo, Rep.",2022,2008657946.1,1380691000.0,3209751515.1
"Congo, Rep.",2023,1797385104.7,1380691000.0,2777816207.1
"Congo, Rep.",2024,1592656609.1,1380691000.0,2360988681.9
Cote d'Ivoire,2000,14205261.0,,9049241197.9
Cote d'Ivoire,2001,15295950.2,,8575409857.4
Cote d'Ivoire,2002,17261860.2,,9084158129.0
Cote d'Ivoire,2003,19755156.7,,9676396368.9
Cote d'Ivoire,2004,43041925.9,,11047542298.8
Cote d'Ivoire,2005,44377537.1,,9930440484.2
Cote d'Ivoire,2006,45514503.1,,10787671942.5
Cote d'Ivoire,2007,60342222.6,0.0,11597520047.1
Cote d'Ivoire,2008,67277207.0,0.0,10572284206.8
Cote d'Ivoire,2009,74810579.4,0.0,12650331574.0
Cote d'Ivoire,2010,86979978.8,26010000.0,9299379673.1
Cote d'Ivoire,2011,80498341.3,51188000.0,9764366839.5
Cote d'Ivoire,2012,110798153.9,53606000.0,4885487537.1
Cote d'Ivoire,2013,360072678.3,58500000.0,5949765833.5
Cote d'Ivoire,2014,511086994.4,58500000.0,6048833550.6
Cote d'Ivoire,2015,745414749.2,51000000.0,7711702230.5
Cote d'Ivoire,2016,1161093743.6,42500000.0,7162658274.099999
Cote d'Ivoire,2017,1663360100.1,34000000.0,8744497821.6
Cote d'Ivoire,2018,1943764089.5,25500000.0,11261371927.3
Cote d'Ivoire,2019,2395842982.5,150061113.0,13198529564.3
Cote d'Ivoire,2020,2942710416.5,188597785.7,16885900884.1
Cote d'Ivoire,2021,3166086458.7,213361453.2,19809130934.6
Cote d'Ivoire,2022,3481063969.4,389356997.0,22238972627.199997
Cote d'Ivoire,2023,3787198773.6,415136345.0,24774328163.4
Cote d'Ivoire,2024,3771748998.2,338079876.9,27139181369.1
Djibouti,2000,4228381.5,,234242587.1
Djibouti,2001,4228687.4,,232504148.20000002
Djibouti,2002,6028431.9,,295420891.3
Djibouti,2003,2511237.4,,359684176.0
Djibouti,2004,1770180.1,,388446502.9
Djibouti,2005,1040672.5,,378217335.3
Djibouti,2006,288000.0,,441368515.7
Djibouti,2007,21469402.8,,629704625.4
Djibouti,2008,23659194.4,,655609001.8
Djibouti,2009,26379062.2,,712502261.6
Djibouti,2010,22886137.2,,588664919.1
Djibouti,2011,19462242.0,,621754169.3
Djibouti,2012,15581335.9,,616998528.1
Djibouti,2013,24634301.5,,640421514.4
Djibouti,2014,178690676.0,,634482763.3
Djibouti,2015,517951170.2,,656371771.1
Djibouti,2016,887495578.2,,715281231.7
Djibouti,2017,1160525645.0,,784354235.0
Djibouti,2018,1186499844.0,,858509872.0
Djibouti,2019,1195469501.1,,950068561.7
Djibouti,2020,1341297790.4,,1012219118.4
Djibouti,2021,1336386600.0,,1070181616.5
Djibouti,2022,1331672704.3,,1077428584.2
Djibouti,2023,1472512518.7,,1363990140.4
Djibouti,2024,1412431582.2,,1382105407.3
"Egypt, Arab Rep.",2000,83615033.5,,24295228128.4
"Egypt, Arab Rep.",2001,72529660.7,,25262742813.1
"Egypt, Arab Rep.",2002,95219815.2,,26583169370.3
"Egypt, Arab Rep.",2003,105850949.3,,27979312037.4
"Egypt, Arab Rep.",2004,115003185.9,,29273125961.6
"Egypt, Arab Rep.",2005,100058819.9,,28532792520.0
"Egypt, Arab Rep.",2006,110448879.2,,28912866383.4
"Egypt, Arab Rep.",2007,125454215.9,0.0,32008105856.399998
"Egypt, Arab Rep.",2008,135478743.4,0.0,30657995713.1
"Egypt, Arab Rep.",2009,144882419.8,0.0,31228356534.300003
"Egypt, Arab Rep.",2010,165721809.8,0.0,32051796578.5
"Egypt, Arab Rep.",2011,170360352.4,0.0,30617173954.3
"Egypt, Arab Rep.",2012,374418315.5,,31629265820.5
"Egypt, Arab Rep.",2013,377186273.8,,41945646940.0
"Egypt, Arab Rep.",2014,361692196.7,,36767215001.3
"Egypt, Arab Rep.",2015,349928866.0,,43832307660.4
"Egypt, Arab Rep.",2016,1948727610.2,,51281702104.1
"Egypt, Arab Rep.",2017,2351697471.6,,63299614190.399994
"Egypt, Arab Rep.",2018,4212399235.8,,75237803762.1
"Egypt, Arab Rep.",2019,4300104250.2,0.0,85835789068.6
"Egypt, Arab Rep.",2020,3999299711.4,498801000.0,95317429264.3
"Egypt, Arab Rep.",2021,3757872361.3,853973000.0,104079695916.8
"Egypt, Arab Rep.",2022,3568216499.6,1646080000.0,104998780789.0
"Egypt, Arab Rep.",2023,4041522836.1,2329638000.0,111129264561.3
"Egypt, Arab Rep.",2024,3582890244.3,2323994000.0,101019995830.3
Equatorial Guinea,2019,1255767315.1,,75055892.2
Equatorial Guinea,2020,1141787716.9,,75731033.9
Equatorial Guinea,2021,1061603883.1,,71668034.2
Equatorial Guinea,2022,1066302714.8,,73159412.9
Equatorial Guinea,2023,945679981.1,,72460129.1
Equatorial Guinea,2024,829399049.0,,66399779.7
Eritrea,2000,2760529.1,,295235583.1
Eritrea,2001,2760728.8,,392088219.5
Eritrea,2002,5187198.7,,484026576.2
Eritrea,2003,5187574.7,,599937101.8
Eritrea,2004,5187700.2,,698807765.4
Eritrea,2005,5320314.2,,717668454.7
Eritrea,2006,5498482.4,,775871549.8
Eritrea,2007,15739534.0,,839928299.1
Eritrea,2008,88874911.7,,868089576.6
Eritrea,2009,133242708.0,,879743961.3
Eritrea,2010,133888913.6,,864536659.0
Eritrea,2011,135451522.1,,874563090.4
Eritrea,2012,95989365.0,,853655762.1
Eritrea,2013,57343012.5,,836451556.5
Eritrea,2014,55263441.8,,774394105.8
Eritrea,2015,49098205.2,,735474500.6
Eritrea,2016,41179890.1,,712602218.9
Eritrea,2017,37834172.8,,739067217.4
Eritrea,2018,30878739.2,,711468021.6
Eritrea,2019,26236582.3,,699412154.4
Eritrea,2020,23424842.0,,716044374.7
Eritrea,2021,19079178.7,,671599959.9
Eritrea,2022,12808760.4,,633454280.5
Eritrea,2023,8008987.1,,633288489.1
Eritrea,2024,3407533.7,,578471475.3
Eswatini,2000,4000000.0,,258335436.1
Eswatini,2001,4000000.0,,264448495.6
Eswatini,2002,4000000.0,,330387864.8
Eswatini,2003,3785000.0,,388545707.1
Eswatini,2004,3402000.0,,408770946.9
Eswatini,2005,3135000.0,,412560489.7
Eswatini,2006,2868000.0,,418702426.5
Eswatini,2007,2601000.0,,446201643.79999995
Eswatini,2008,2049000.0,,420716366.5
Eswatini,2009,1833000.0,,429340702.6
Eswatini,2010,1617000.0,,430213907.8
Eswatini,2011,1402000.0,,383315520.7
Eswatini,2012,1186000.0,,345180462.6
Eswatini,2013,970000.0,,309543106.7
Eswatini,2014,755000.0,,298425455.5
Eswatini,2015,539000.0,,296663156.40000004
Eswatini,2016,32523000.0,,334137645.8
Eswatini,2017,57183000.0,,370621976.5
Eswatini,2018,125025000.0,,373710389.5
Eswatini,2019,159025000.0,,381264908.9
Eswatini,2020,189288000.0,,395310991.3
Eswatini,2021,185837000.0,,434378481.3
Eswatini,2022,182385000.0,,575439634.7
Eswatini,2023,176684000.0,,596654232.4
Eswatini,2024,212983000.0,,653936775.3
Ethiopia,2000,61602728.9,,5266979011.8
Ethiopia,2001,46343761.9,,5519538436.2
Ethiopia,2002,34302255.7,,6295115024.1
Ethiopia,2003,28125000.0,,7006924793.3
Ethiopia,2004,42640757.9,,6243105022.1
Ethiopia,2005,42434434.6,,5821829992.8
Ethiopia,2006,14788633.1,0.0,2126417394.2
Ethiopia,2007,23467267.2,0.0,2485315507.3
Ethiopia,2008,25572674.3,0.0,2746892777.0
Ethiopia,2009,274125771.2,967998000.0,3522059415.6
Ethiopia,2010,549113611.9,1229559000.0,4721379087.7
Ethiopia,2011,847896609.2,1265325000.0,5829532064.1
Ethiopia,2012,1369954605.4,1329404000.0,7245369765.7
Ethiopia,2013,1870069210.2,1353916000.0,8672371696.7
Ethiopia,2014,3598547393.6,1866512000.0,10737478911.7
Ethiopia,2015,4710451099.5,2560768000.0,12225875027.3
Ethiopia,2016,5588815719.3,2654984000.0,13890794746.8
Ethiopia,2017,6289312507.3,2444766000.0,16501316322.3
Ethiopia,2018,6479424670.3,2176454000.0,20195193612.4
Ethiopia,2019,6422613141.0,1917219000.0,21236979444.8
Ethiopia,2020,6281523227.5,1650472000.0,23084162524.7
Ethiopia,2021,6012892485.0,1403339000.0,22736061499.2
Ethiopia,2022,5649395796.2,1172891000.0,22221582037.8
Ethiopia,2023,5491351640.0,1093191000.0,25325888518.7
Ethiopia,2024,6041153598.4,1399838000.0,26509258577.2
Gabon,2000,36019136.4,,3431367126.5
Gabon,2001,37208666.4,,3016539862.6
Gabon,2002,51328609.4,,3149251226.2000003
Gabon,2003,79884672.0,,3323803208.6
Gabon,2004,84594142.3,,3722010020.5
Gabon,2005,91599398.1,,3557472544.2
Gabon,2006,96663107.3,,3765681870.2999997
Gabon,2007,105557558.9,,4532513127.2
Gabon,2008,152377843.1,,2197793355.6
Gabon,2009,204905711.1,0.0,2172852917.8
Gabon,2010,321934130.6,0.0,2196649876.7
Gabon,2011,389580465.1,0.0,2383090799.8
Gabon,2012,462688297.4,0.0,2441757333.7
Gabon,2013,674920616.8,0.0,3648983066.7
Gabon,2014,808525764.4,,3552526436.6
Gabon,2015,882817488.0,0.0,3834971454.5
Gabon,2016,931238117.0,122778000.0,3894768665.2999997
Gabon,2017,946590853.8,157201000.0,4855163116.5
Gabon,2018,1034886034.7,152980000.0,4919393836.1
Gabon,2019,1101445337.3,120213000.0,4988456166.599999
Gabon,2020,1090364616.3,120213000.0,5381224777.1
Gabon,2021,1017026448.4,120213000.0,5252204742.1
Gabon,2022,901254103.0,102121000.0,5182781050.0
Gabon,2023,827738994.1,80712000.0,5169672913.2
Gabon,2024,802335099.4,80712000.0,4668387804.5
"Gambia, The",2000,18520406.7,,419439301.1
"Gambia, The",2001,17763603.3,,417611695.2
"Gambia, The",2002,17755142.0,,489645474.6
"Gambia, The",2003,17731055.0,,550354855.8
"Gambia, The",2004,17588201.0,,602474495.3
"Gambia, The",2005,17742633.3,,593472095.6
"Gambia, The",2006,17950114.5,,648015889.0
"Gambia, The",2007,8103001.8,,646688508.5
"Gambia, The",2008,12963147.4,,342126382.2
"Gambia, The",2009,12974118.4,,399416410.2
"Gambia, The",2010,13337300.6,,408673677.1
"Gambia, The",2011,13954598.9,,420733050.4
"Gambia, The",2012,13977409.8,,434619227.1
"Gambia, The",2013,14367596.2,,460159860.4
"Gambia, The",2014,0.0,,458004048.0
"Gambia, The",2015,,,485273331.0
"Gambia, The",2016,,,525145102.1
"Gambia, The",2017,0.0,,646220669.0
"Gambia, The",2018,0.0,,675145565.7
"Gambia, The",2019,25046515.0,,723534322.5
"Gambia, The",2020,26779292.7,,804984120.2
"Gambia, The",2021,27470802.5,,819708077.9
"Gambia, The",2022,25050100.2,,866304808.0
"Gambia, The",2023,24497452.3,,957921270.9
"Gambia, The",2024,23975230.2,,985713564.7
Ghana,2000,27811777.7,,5554269532.1
Ghana,2001,30484688.0,,5754039068.7
Ghana,2002,62607496.4,,6238706921.2
Ghana,2003,61718895.7,,6934395849.4
Ghana,2004,49748378.8,,6077128047.1
Ghana,2005,48982085.2,,6014195588.8
Ghana,2006,49164865.8,,2223727077.2
Ghana,2007,90366048.1,,2743218255.1
Ghana,2008,161200628.6,,3203613307.5
Ghana,2009,343264940.9,,3986883312.3
Ghana,2010,593453509.2,,4806017638.8
Ghana,2011,819320908.1,,5881269185.9
Ghana,2012,1400704611.2,16985918.8,6630437354.0
Ghana,2013,2115426554.4,16985919.0,8683766750.4
Ghana,2014,2352759270.1,16986000.0,10483574008.7
Ghana,2015,2331516942.9,90253000.0,12299393058.9
Ghana,2016,2145366862.1,101998000.0,13613334624.7
Ghana,2017,1892559518.6,102763000.0,14372521914.0
Ghana,2018,1647698010.8,141652000.0,15262376162.7
Ghana,2019,1511032581.5,310588000.0,17779032215.5
Ghana,2020,1484493168.2,278090000.0,21151997754.4
Ghana,2021,1593221186.0,266315000.0,24750060869.1
Ghana,2022,1618574944.4,256304000.0,25734830710.800003
Ghana,2023,1602638930.5,249162000.0,26674657031.800003
Ghana,2024,1605393781.2,249162000.0,23729505153.0
Guinea,2000,35049141.1,,2609041319.8
Guinea,2001,33464865.5,,2529206027.2
Guinea,2002,31474366.4,,2694625252.6
Guinea,2003,29213460.7,,2918109250.5
Guinea,2004,29621709.9,,2969900565.4
Guinea,2005,35600006.4,,2776886937.5
Guinea,2006,57147030.2,,2878424609.7
Guinea,2007,46904005.7,,3030907219.3
Guinea,2008,57189155.2,,2916502154.0
Guinea,2009,58416097.9,,2932017915.0
Guinea,2010,60747814.4,,2864984276.4
Guinea,2011,61676871.4,,2901007194.8
Guinea,2012,60748155.7,,968154518.5
Guinea,2013,253920785.3,,1082374507.3
Guinea,2014,368789344.7,,1088611504.7
Guinea,2015,513305486.0,,1084280868.0
Guinea,2016,549912498.2,,1217683005.0
Guinea,2017,573697548.9,,1288903912.3
Guinea,2018,603994252.4,0.0,1388135719.2
Guinea,2019,1237872386.0,44368683.0,1590226652.7
Guinea,2020,1291113114.7,203848306.2,1811157335.5
Guinea,2021,1288276920.9,259305372.2,1992117558.9
Guinea,2022,1245702194.9,373586249.4,2048482929.1
Guinea,2023,1201848119.0,569124725.0,2159510108.3
Guinea,2024,1141314285.7,508326497.7,2443361065.0
Guinea-Bissau,2000,16592574.1,,808704870.7
Guinea-Bissau,2001,0.0,,782952248.0
Guinea-Bissau,2002,,,840767111.3
Guinea-Bissau,2003,,,917430008.9
Guinea-Bissau,2004,,,971363527.9
Guinea-Bissau,2005,,,883998801.3
Guinea-Bissau,2006,,,904874038.9
Guinea-Bissau,2007,,,928448279.0
Guinea-Bissau,2008,,,933161465.4
Guinea-Bissau,2009,,,938457644.5
Guinea-Bissau,2010,,,956543019.0
Guinea-Bissau,2011,,,208806026.6
Guinea-Bissau,2012,,,223614361.0
Guinea-Bissau,2013,,,259501806.8
Guinea-Bissau,2014,,,335868631.5
Guinea-Bissau,2015,,,498789387.29999995
Guinea-Bissau,2016,,,532874634.5
Guinea-Bissau,2017,,,671872704.0
Guinea-Bissau,2018,,,732558620.0
Guinea-Bissau,2019,,,797062951.5
Guinea-Bissau,2020,,,1036561470.1
Guinea-Bissau,2021,,,1115070531.4
Guinea-Bissau,2022,,,1154384544.0
Guinea-Bissau,2023,,,1312591240.4
Guinea-Bissau,2024,,,1310171789.4
Kenya,2000,8758790.3,850387.9,5030936985.0
Kenya,2001,8135390.5,6629373.7,4696436661.700001
Kenya,2002,8500718.9,5654769.6,5236384879.4
Kenya,2003,8618048.3,5281815.2,5818411210.5
Kenya,2004,11940433.7,5281942.9,6067124004.4
Kenya,2005,23369680.9,5416966.1,5770391191.1
Kenya,2006,37059177.6,3110248.8,5880679421.4
Kenya,2007,44829970.1,2659967.7,6234634771.0
Kenya,2008,60948555.9,2842741.3,6368825199.200001
Kenya,2009,171320289.7,2845405.8,6593366515.299999
Kenya,2010,275047220.9,2933609.1,6749145465.2
Kenya,2011,476131696.4,770891.5,7173132579.700001
Kenya,2012,706628403.6,0.0,8255871168.8
Kenya,2013,932723956.3,,8837239205.2
Kenya,2014,2229563974.5,,11070676323.9
Kenya,2015,3126497471.9,,12019405920.6
Kenya,2016,4322575534.9,,12824040853.8
Kenya,2017,5820287673.1,,16579023977.8
Kenya,2018,6879189036.4,,20108844605.6
Kenya,2019,7470811738.1,,23343285942.2
Kenya,2020,7257655459.2,,26275915922.3
Kenya,2021,7368022750.3,,27859636966.0
Kenya,2022,6685750502.6,,28351079970.5
Kenya,2023,6005055603.5,,29858656805.300003
Kenya,2024,5367181239.9,,30215362869.5
Lesotho,2000,4525334.7,,652176265.3
Lesotho,2001,10608931.0,,567846507.7
Lesotho,2002,8456863.9,,620027193.3
Lesotho,2003,8457477.0,,664181729.7
Lesotho,2004,7249441.2,,714331670.6
Lesotho,2005,7434760.1,,611497842.9
Lesotho,2006,7683737.4,,605797194.1
Lesotho,2007,1369000.4,,640809316.4
Lesotho,2008,16465484.4,,646172550.4
Lesotho,2009,27423625.6,,660419037.4000001
Lesotho,2010,29599118.2,,679645114.8
Lesotho,2011,32504880.3,,696811672.4
Lesotho,2012,41588018.4,,720400028.9
Lesotho,2013,43565318.7,,728301922.5
Lesotho,2014,42643405.9,,726665436.6
Lesotho,2015,40169914.6,,733584760.5
Lesotho,2016,49700279.1,,725077967.7
Lesotho,2017,49989403.6,,777525217.2
Lesotho,2018,43685101.4,,765640187.2
Lesotho,2019,71541863.5,,784685793.8
Lesotho,2020,114674440.4,,816106087.3
Lesotho,2021,146462545.5,,831528361.2
Lesotho,2022,162593186.3,,805380357.6
Lesotho,2023,182832325.5,,815710972.9
Lesotho,2024,181579762.1,,834478730.5
Liberia,2000,16200000.0,,1084363293.4
Liberia,2001,16200000.0,,1057517621.2
Liberia,2002,16200000.0,,1109068889.3
Liberia,2003,16200000.0,,1171767729.1
Liberia,2004,16200000.0,,1222068615.0
Liberia,2005,16200000.0,,1159414483.1
Liberia,2006,16200000.0,,1184142565.4
Liberia,2007,16200000.0,,1013868126.8
Liberia,2008,5100000.0,,856445548.8
Liberia,2009,0.0,,669664514.6
Liberia,2010,0.0,,183097755.4
Liberia,2011,5884080.1,,182218802.3
Liberia,2012,5808954.5,,202680509.7
Liberia,2013,5898826.7,,223886879.6
Liberia,2014,5794737.7,,290654199.5
Liberia,2015,5462219.8,,428757853.6
Liberia,2016,5102017.3,,520539217.0
Liberia,2017,21300602.0,,634253624.3
Liberia,2018,53916678.9,,658739920.0
Liberia,2019,52819808.2,,768702960.9
Liberia,2020,57465760.8,,888120007.9
Liberia,2021,58949673.5,,957691011.6
Liberia,2022,53755081.6,,1054813918.8
Liberia,2023,52569152.8,,1229823540.2
Liberia,2024,49604203.2,,1358502834.4
Madagascar,2000,21219391.4,,4263152380.3
Madagascar,2001,21220847.6,,3762001199.6000004
Madagascar,2002,21219631.5,,4104743879.5
Madagascar,2003,21221091.0,,4589723588.8
Madagascar,2004,34559605.5,,3458624929.7
Madagascar,2005,35408983.2,,3151212239.7
Madagascar,2006,37843558.7,,1210642495.9
Madagascar,2007,3076143.8,,1456801931.9
Madagascar,2008,33882743.7,,1736248751.5
Madagascar,2009,54056852.5,,1840884059.1
Madagascar,2010,62335985.7,,1976572472.2
Madagascar,2011,65521592.2,,2085702253.8
Madagascar,2012,65639309.3,,2183401671.7
Madagascar,2013,67652890.7,,2263803847.8
Madagascar,2014,62975322.8,,2342625633.6
Madagascar,2015,55125317.7,,2454822161.0
Madagascar,2016,47101499.4,,2419463431.2
Madagascar,2017,45587413.2,,2690699892.5
Madagascar,2018,77575752.3,,2823093783.2
Madagascar,2019,135429422.2,,2981532823.1
Madagascar,2020,155350079.9,,3352763204.8
Madagascar,2021,184328736.1,,3531115543.5
Madagascar,2022,312031246.5,,3619937711.1000004
Madagascar,2023,328695754.1,,4130788139.4
Madagascar,2024,317480528.4,,4448272634.6
Malawi,2000,,,2544560519.1
Malawi,2001,,,2469102630.7
Malawi,2002,,,2670547001.1
Malawi,2003,,,2935043205.8
Malawi,2004,,,3295781044.3
Malawi,2005,,,3061965864.8
Malawi,2006,,,764622507.1
Malawi,2007,,,759604893.3
Malawi,2008,,,769184300.1
Malawi,2009,26387627.8,,820115413.9
Malawi,2010,46991499.2,,682535097.2
Malawi,2011,155271945.3,,773554532.1
Malawi,2012,173014182.1,,854185545.3
Malawi,2013,242478201.9,,1004160498.9
Malawi,2014,241820395.5,,1124988592.8
Malawi,2015,238565200.6,,1216621295.1
Malawi,2016,217397191.3,,1290724737.7
Malawi,2017,220088918.2,,1569719975.3000002
Malawi,2018,220403618.8,,1705842886.8000002
Malawi,2019,205022184.1,,1814645030.6
Malawi,2020,234484842.9,,2020876257.4
Malawi,2021,239341014.7,,2139429172.8000002
Malawi,2022,227925565.3,,2317892886.3
Malawi,2023,205757741.3,,2670023843.1
Malawi,2024,203427499.0,,2800327315.0
Mali,2000,150174514.8,,2520860188.6
Mali,2001,102322571.9,,2488302462.1
Mali,2002,110587401.6,,2332803368.1
Mali,2003,134206745.1,,2696800732.6
Mali,2004,145418401.3,,2907590125.7
Mali,2005,139502407.6,,2880856071.3
Mali,2006,145650796.6,,1380687740.6
Mali,2007,58311201.2,,1732174698.0
Mali,2008,69307640.7,,1899349034.5
Mali,2009,76793298.2,,1909650488.5
Mali,2010,72469763.9,,2173388837.9
Mali,2011,79353743.1,,2405055957.5
Mali,2012,208656193.0,,2585402477.4
Mali,2013,277564435.1,,2859721977.2
Mali,2014,364140382.4,,2835994541.1
Mali,2015,451422013.2,,2957934211.1
Mali,2016,511791185.2,,2967562078.1000004
Mali,2017,540809176.6,,3353421183.0
Mali,2018,519490625.1,,3526412106.3
Mali,2019,544973804.5,,3906381693.1
Mali,2020,596939411.1,,4463506542.8
Mali,2021,608061462.0,,4740507654.8
Mali,2022,531869646.4,,4769740147.0
Mali,2023,486211376.8,,5068423086.6
Mali,2024,499995446.8,,5118295891.7
Mauritania,2000,78421365.5,,1906151435.1
Mauritania,2001,75099876.9,,1816529378.6
Mauritania,2002,73241124.5,,1821680694.9
Mauritania,2003,72532148.2,,1951732843.0
Mauritania,2004,71514600.3,,1960340142.1
Mauritania,2005,61170974.8,,1968918242.5
Mauritania,2006,49313586.2,,1266447033.3
Mauritania,2007,0.0,,1437453151.0
Mauritania,2008,0.0,,1670429330.6000001
Mauritania,2009,144528719.1,,1844443926.6
Mauritania,2010,149008893.4,,2176925582.9
Mauritania,2011,181987969.9,,2383513525.1
Mauritania,2012,182314895.9,,2839096273.5
Mauritania,2013,251093068.3,,2995645743.6
Mauritania,2014,240192351.7,,3056314918.7
Mauritania,2015,340542863.7,,3371007220.4
Mauritania,2016,339445362.3,,3525737529.4
Mauritania,2017,348234895.8,,3653531436.7
Mauritania,2018,326338736.0,,3624214583.4
Mauritania,2019,322200509.4,,3732202987.6
Mauritania,2020,340255696.2,,3845271703.3
Mauritania,2021,352932902.9,,3658163243.0
Mauritania,2022,326630936.7,,3469925803.6
Mauritania,2023,306519950.5,,3427303681.6000004
Mauritania,2024,262993802.2,,3344490538.3
Mauritius,2000,17095104.7,,810732321.4
Mauritius,2001,20946863.4,,740059322.5
Mauritius,2002,21536008.1,,809152812.7
Mauritius,2003,23714886.3,,884001015.0999999
Mauritius,2004,25838216.6,,816161944.5
Mauritius,2005,27528313.9,,688545065.9
Mauritius,2006,28703497.3,,569156183.7
Mauritius,2007,26508638.4,,600734777.4
Mauritius,2008,24202147.7,,573286586.0
Mauritius,2009,55403620.2,,684811916.5999999
Mauritius,2010,149780938.7,,857203507.9
Mauritius,2011,219468433.7,,952067835.0
Mauritius,2012,336303135.8,,1032643392.2
Mauritius,2013,403772800.4,,1332509090.3999999
Mauritius,2014,430303497.2,,1382824560.0
Mauritius,2015,417727407.8,,1302249716.2
Mauritius,2016,368772959.1,,1261344251.1
Mauritius,2017,341523971.0,,1213463955.0
Mauritius,2018,336117443.3,,1098199677.7
Mauritius,2019,294503060.5,,1091160530.8
Mauritius,2020,285420231.3,,1631089325.5
Mauritius,2021,252085471.3,,2574193504.2
Mauritius,2022,203858374.8,,3146077303.8999996
Mauritius,2023,161391933.7,,3513997072.9
Mauritius,2024,125728374.9,,3273568127.3
Morocco,2000,6503000.0,,17257129371.3
Morocco,2001,0.0,,15376420794.3
Morocco,2002,0.0,,14409221469.0
Morocco,2003,0.0,,14512071406.2
Morocco,2004,0.0,,14222734029.0
Morocco,2005,0.0,,12495711768.1
Morocco,2006,2414102.2,,13600480492.2
Morocco,2007,6876078.1,,15759289394.9
Morocco,2008,62769689.2,,16581823018.6
Morocco,2009,122672941.8,,19216669881.4
Morocco,2010,528142397.7,,20619562860.1
Morocco,2011,531276444.7,,21953199618.1
Morocco,2012,544025834.1,,24651593232.9
Morocco,2013,532755662.6,,27914929250.0
Morocco,2014,542463706.8,,29804241167.5
Morocco,2015,523182515.2,,30841727065.0
Morocco,2016,663651509.7,,31001716696.2
Morocco,2017,626428609.1,,34413347840.6
Morocco,2018,559462284.0,,33199856045.3
Morocco,2019,484515489.9,,36287448128.6
Morocco,2020,445396672.5,,43503784914.7
Morocco,2021,405939525.2,,42016212669.9
Morocco,2022,366045260.2,,40919668444.5
Morocco,2023,326514757.7,,44790194985.9
Morocco,2024,287039569.5,,45440265348.9
Mozambique,2000,33140068.1,,4659918459.2
Mozambique,2001,18435651.1,,2526130568.5
Mozambique,2002,18879430.5,,2825613196.6
Mozambique,2003,19426522.0,,3103420482.1
Mozambique,2004,19716460.6,,3350660972.3
Mozambique,2005,19384330.2,,3348532423.8
Mozambique,2006,21967070.0,,2063461935.4
Mozambique,2007,4914711.2,,2418794908.8
Mozambique,2008,14031545.3,,2833730253.3
Mozambique,2009,161970205.8,,3161379592.5
Mozambique,2010,121772868.6,,3140975128.8
Mozambique,2011,224762624.2,,3669760900.4
Mozambique,2012,360529956.1,,4180738319.6000004
Mozambique,2013,705373242.4,,6597956085.1
Mozambique,2014,1295438205.1,,7234193724.7
Mozambique,2015,1491133807.2,,7690214707.3
Mozambique,2016,1625821439.6,,7920523884.7
Mozambique,2017,1977612384.1,,8521603691.2
Mozambique,2018,2103397543.1,,8648897786.7
Mozambique,2019,2038385206.4,,9085946306.6
Mozambique,2020,2072353716.5,,9386308853.0
Mozambique,2021,2024414196.2,,9257725423.3
Mozambique,2022,1767284023.7,,9043108033.2
Mozambique,2023,1639720950.5,,8485227594.5
Mozambique,2024,1429835347.2,,7720312143.2
Niger,2000,23506417.1,,1471053199.7
Niger,2001,20529552.5,,1424240592.3
Niger,2002,20528916.5,,1620556568.0
Niger,2003,20529679.8,,1899628392.0
Niger,2004,20529934.1,,1756057439.4
Niger,2005,20799055.8,,1727465128.7
Niger,2006,12727214.5,,642848319.6
Niger,2007,12915423.2,,741823349.4
Niger,2008,10000000.0,,767213233.0
Niger,2009,142000000.0,,814343895.4
Niger,2010,335600000.0,,870175926.5
Niger,2011,890000000.0,,1016207931.8
Niger,2012,362000000.0,,1163220254.2
Niger,2013,347483656.3,,1392819763.1
Niger,2014,307446679.5,,1429517701.3
Niger,2015,279462797.3,,1693239418.4
Niger,2016,311921137.0,,1924367829.9
Niger,2017,337320384.2,,2346683707.0
Niger,2018,368673812.6,,2435584190.3
Niger,2019,326771431.4,,2827706265.3
Niger,2020,302744226.7,,3700154335.8
Niger,2021,288678863.1,,3949044427.2
Niger,2022,226918791.3,,4422101679.4
Niger,2023,199849794.4,,4634645523.1
Niger,2024,164433204.2,,4363185432.3
Nigeria,2000,,,30042091491.399998
Nigeria,2001,,,29238354833.699997
Nigeria,2002,0.0,,28080396502.5
Nigeria,2003,30169018.0,,31264963560.8
Nigeria,2004,82576120.6,,32467703862.199997
Nigeria,2005,134346481.8,26143000.0,20087720819.1
Nigeria,2006,443841827.0,59379000.0,3325770769.5
Nigeria,2007,581242606.7,77579000.0,2955650881.0
Nigeria,2008,762830000.1,101143000.0,3037880760.7
Nigeria,2009,611982000.0,82753000.0,3526590237.9
Nigeria,2010,379820000.0,0.0,4305700492.8
Nigeria,2011,636822000.0,,5299121882.2
Nigeria,2012,802958000.0,,5876370625.7
Nigeria,2013,987606301.0,,7297412682.3
Nigeria,2014,1293131000.0,,8373024711.7
Nigeria,2015,1444725000.0,,9232726504.7
Nigeria,2016,1642044000.0,,9686212667.2
Nigeria,2017,1930983000.0,,16925613580.9
Nigeria,2018,2485077000.0,,22790179336.9
Nigeria,2019,3175120000.0,,24404350078.6
Nigeria,2020,3403988802.3,,28653304847.6
Nigeria,2021,3634626542.9,,32514886073.7
Nigeria,2022,4291730985.4,,35689556779.2
Nigeria,2023,5164932943.4,,38874939516.1
Nigeria,2024,5319396325.1,,44872132869.8
Rwanda,2000,18061229.6,,1128650007.8
Rwanda,2001,17870070.6,,1144046600.9
Rwanda,2002,17676537.0,,1286013869.7
Rwanda,2003,16642744.0,,1398081282.0
Rwanda,2004,15608046.9,,1525224515.3
Rwanda,2005,14945478.5,,1398632997.9
Rwanda,2006,16733515.2,,371943402.4
Rwanda,2007,30552939.2,,534615702.0
Rwanda,2008,0.0,,649674996.9
Rwanda,2009,6170733.1,,709372095.9
Rwanda,2010,20400579.8,,738592506.2
Rwanda,2011,28695741.9,,942795709.8
Rwanda,2012,31039652.8,,1014170672.3
Rwanda,2013,56448938.1,,1496263733.6
Rwanda,2014,86299722.1,,1669137767.3
Rwanda,2015,117124547.5,,1940208780.2
Rwanda,2016,129527900.1,,2223751869.1
Rwanda,2017,160018428.7,,2673405646.2
Rwanda,2018,160352692.3,,3089140357.2
Rwanda,2019,194717189.1,,3734415393.2
Rwanda,2020,258082449.6,,4864096639.1
Rwanda,2021,333483925.7,,5460584261.3
Rwanda,2022,332504723.6,,5812036610.0
Rwanda,2023,344512850.7,,6886368347.0
Rwanda,2024,361436047.9,,7984163311.9
Sao Tome and Principe,2000,16750779.3,,261534208.60000002
Sao Tome and Principe,2001,16751183.4,,266407194.0
Sao Tome and Principe,2002,16772471.3,,284411325.7
Sao Tome and Principe,2003,16772877.9,,304052345.7
Sao Tome and Principe,2004,16773013.5,,318639274.1
Sao Tome and Principe,2005,16916397.7,,297217950.1
Sao Tome and Principe,2006,16926803.0,,311503567.5
Sao Tome and Principe,2007,17324501.7,,123140179.39999999
Sao Tome and Principe,2008,17748553.8,,87998814.7
Sao Tome and Principe,2009,17461822.0,,104514429.3
Sao Tome and Principe,2010,17657033.3,,124646649.5
Sao Tome and Principe,2011,18306246.1,,156923401.5
Sao Tome and Principe,2012,18319077.2,,145092511.6
Sao Tome and Principe,2013,18538557.9,,159011836.7
Sao Tome and Principe,2014,18518142.9,,162700704.7
Sao Tome and Principe,2015,18096142.0,,194897234.2
Sao Tome and Principe,2016,17639006.5,,200652965.0
Sao Tome and Principe,2017,18074743.9,,230657048.7
Sao Tome and Principe,2018,0.0,,229548728.7
Sao Tome and Principe,2019,,,236649152.3
Sao Tome and Principe,2020,,,252585491.0
Sao Tome and Principe,2021,,,245567087.4
Sao Tome and Principe,2022,,,218250485.2
Sao Tome and Principe,2023,,,248770635.89999998
Sao Tome and Principe,2024,,,254540060.2
Senegal,2000,99895701.5,,3108282146.2
Senegal,2001,98608222.0,,3070441435.5
Senegal,2002,97157564.3,,3409007390.3
Senegal,2003,95708456.0,,3820518138.9
Senegal,2004,94097803.3,,3422417803.8999996
Senegal,2005,92448470.5,,3407972463.6
Senegal,2006,88039612.8,,1549636836.8
Senegal,2007,96497286.1,,1890151040.9
Senegal,2008,132686532.5,,2238074775.9
Senegal,2009,175550220.4,,2777481166.2
Senegal,2010,184091090.7,,2965526252.5
Senegal,2011,210338346.1,,3401412601.9
Senegal,2012,301736745.8,,3878433475.0
Senegal,2013,334788771.6,,4174458636.1
Senegal,2014,360032582.6,,4600970976.2
Senegal,2015,503820523.4,,4823051843.9
Senegal,2016,902176919.2,,5246080979.2
Senegal,2017,1142930844.6,,7200022351.4
Senegal,2018,1478465184.8,0.0,10716604288.7
Senegal,2019,1719295772.0,0.0,12111448603.8
Senegal,2020,1781212425.6,0.0,14327941939.3
Senegal,2021,1940425735.5,0.0,14983549612.9
Senegal,2022,2084307216.3,11686736.2,15800016822.9
Senegal,2023,2234761178.5,19440265.0,20160834407.3
Senegal,2024,2197914178.4,21887545.2,22874080561.3
Sierra Leone,2000,44676169.4,,961093317.2
Sierra Leone,2001,30394146.6,,1033331347.8
Sierra Leone,2002,30420726.6,,1174567513.3
Sierra Leone,2003,30579268.4,,1333405492.3
Sierra Leone,2004,30579804.1,,1408401369.1999998
Sierra Leone,2005,31146406.9,,1535245982.7
Sierra Leone,2006,26237172.7,,1429403308.3
Sierra Leone,2007,11814787.7,,470081923.0
Sierra Leone,2008,25145020.8,,519617705.1
Sierra Leone,2009,25160833.8,,579489531.4
Sierra Leone,2010,25679924.4,,635107361.7
Sierra Leone,2011,28879219.4,,712538513.7
Sierra Leone,2012,47862818.7,,792344033.8
Sierra Leone,2013,50967342.9,,853908696.7
Sierra Leone,2014,49587904.0,,866818366.4
Sierra Leone,2015,56952934.3,,896192910.8
Sierra Leone,2016,53195857.0,,926393950.0
Sierra Leone,2017,53004962.6,,1036790271.8
Sierra Leone,2018,47739091.6,,1095955953.0
Sierra Leone,2019,44082668.5,,1196978482.8
Sierra Leone,2020,63012139.4,,1296666695.3
Sierra Leone,2021,76267565.5,,1310612945.9
Sierra Leone,2022,69301478.5,,1278663535.3
Sierra Leone,2023,63860654.8,,1300436898.6
Sierra Leone,2024,57871536.7,,1256219194.7
"Somalia, Fed. Rep.",2000,,,1730642615.5
"Somalia, Fed. Rep.",2001,,,1699347303.9
"Somalia, Fed. Rep.",2002,,,1766275103.4
"Somalia, Fed. Rep.",2003,,,1843263406.3
"Somalia, Fed. Rep.",2004,,,1855658122.5
"Somalia, Fed. Rep.",2005,,,1787647930.4
"Somalia, Fed. Rep.",2006,,,1828226916.9
"Somalia, Fed. Rep.",2007,,,1881616532.5
"Somalia, Fed. Rep.",2008,,,1878794620.3
"Somalia, Fed. Rep.",2009,,,1884632426.3
"Somalia, Fed. Rep.",2010,,,1878881910.7
"Somalia, Fed. Rep.",2011,,,1878598214.9
"Somalia, Fed. Rep.",2012,,,1870340509.2
"Somalia, Fed. Rep.",2013,,,1860267126.4
"Somalia, Fed. Rep.",2014,,,1799261700.8
"Somalia, Fed. Rep.",2015,,,1758825813.2
"Somalia, Fed. Rep.",2016,,,1743889509.0
"Somalia, Fed. Rep.",2017,,,1785660135.5
"Somalia, Fed. Rep.",2018,,,2050509722.3
"Somalia, Fed. Rep.",2019,,,2049354387.5
"Somalia, Fed. Rep.",2020,,,2608537202.3
"Somalia, Fed. Rep.",2021,,,2313140392.5
"Somalia, Fed. Rep.",2022,,,2311352699.3
"Somalia, Fed. Rep.",2023,,,2019304877.2
"Somalia, Fed. Rep.",2024,,,663722400.9
South Africa,2000,,,10320778773.6
South Africa,2001,,,9017342707.699999
South Africa,2002,,,16147237961.099998
South Africa,2003,,,18170548310.9
South Africa,2004,,,17800306843.3
South Africa,2005,,,18371047397.8
South Africa,2006,,,17797997709.2
South Africa,2007,,,17862607921.5
South Africa,2008,,,21536801627.600002
South Africa,2009,,,23350328452.8
South Africa,2010,,,36337771664.299995
South Africa,2011,,,44304959874.700005
South Africa,2012,,,61146542010.200005
South Africa,2013,,,60080126819.6
South Africa,2014,,,62671459506.9
South Africa,2015,,,53921079643.8
South Africa,2016,,,69692821932.2
South Africa,2017,1000000000.0,,89642855111.90001
South Africa,2018,1400000000.0,,87277367773.7
South Africa,2019,2298798000.0,,99764762338.8
South Africa,2020,2918135000.0,,96527533664.1
South Africa,2021,3303493000.0,,91883741761.7
South Africa,2022,3428931000.0,,87816007070.7
South Africa,2023,3529455000.0,,85996266862.4
South Africa,2024,3330526000.0,,94482872759.6
Sudan,2000,1008615224.3,81000.0,9152847137.8
Sudan,2001,1103985922.6,81000.0,8971299850.4
Sudan,2002,1096875642.9,81000.0,9576184611.0
Sudan,2003,1126857848.7,81000.0,10107783934.7
Sudan,2004,1178666266.0,81000.0,10542377826.5
Sudan,2005,1169115917.0,81000.0,10138924901.8
Sudan,2006,1313601756.9,81000.0,10701822379.0
Sudan,2007,1313827498.4,81000.0,11599464508.2
Sudan,2008,1534488606.4,81000.0,11773357136.8
Sudan,2009,1928566535.3,81000.0,11966981876.8
Sudan,2010,2356597910.6,81000.0,12281045928.9
Sudan,2011,1681733419.1,0.0,13606536339.3
Sudan,2012,1668713996.0,,14205800618.6
Sudan,2013,1694746167.1,,14866732551.7
Sudan,2014,1677194826.6,,14374348228.9
Sudan,2015,1579515305.1,,14366137153.1
Sudan,2016,1487722932.0,,14202622663.1
Sudan,2017,1421051162.6,,14564692428.4
Sudan,2018,1330229314.9,,14432012545.2
Sudan,2019,1246210047.7,,15547737245.2
Sudan,2020,1187609361.3,,15896640448.7
Sudan,2021,1112830125.3,,14498286279.5
Sudan,2022,1040725493.7,,14212025867.2
Sudan,2023,983361354.1,,14380914343.0
Sudan,2024,920679009.4,,14030062392.3
Tanzania,2000,165480727.1,,5820763131.9
Tanzania,2001,134026140.6,,5404735732.0
Tanzania,2002,134119629.8,,5872462779.8
Tanzania,2003,138282091.9,,5877464609.6
Tanzania,2004,138285392.5,,6402296503.9
Tanzania,2005,143819278.2,,6333812993.2
Tanzania,2006,151357561.5,,2313651236.7
Tanzania,2007,175240098.0,,3018870151.6
Tanzania,2008,190306093.5,,3546034411.5
Tanzania,2009,221263090.4,,4493529173.3
Tanzania,2010,236835695.9,,5443372844.3
Tanzania,2011,340373522.8,85854000.0,6165811814.0
Tanzania,2012,587778807.8,166965894.2,7112001509.400001
Tanzania,2013,1209106660.5,165494902.7,8756906931.7
Tanzania,2014,1939035179.5,170738832.8,9439612928.9
Tanzania,2015,2366116804.3,190605948.7,10068050632.5
Tanzania,2016,2418941044.4,228559686.1,10434994602.3
Tanzania,2017,2478683135.6,220586739.7,11884118523.5
Tanzania,2018,2331718683.7,183564415.0,12814065777.3
Tanzania,2019,2170608279.1,287384296.6,14418307236.4
Tanzania,2020,1962895228.3,260755632.0,15340532700.5
Tanzania,2021,1823864856.2,196571738.8,16917431514.0
Tanzania,2022,1568868023.8,139045117.0,17844058944.6
Tanzania,2023,1457062991.5,97162255.0,20831532376.5
Tanzania,2024,1365448930.1,56515121.1,22855239825.4
Togo,2000,25305051.1,,1204328491.8
Togo,2001,27590856.4,,1176703131.2
Togo,2002,27589189.7,,1308738360.1
Togo,2003,27591189.7,,1470707871.4
Togo,2004,27591856.5,,1571617723.9
Togo,2005,22250254.0,,1417840401.3000002
Togo,2006,12771652.2,,1526032277.9
Togo,2007,13653040.6,,1624345657.7
Togo,2008,14591929.3,,1450925159.1999998
Togo,2009,36315606.1,,1440178785.2
Togo,2010,72617358.2,,937669744.7
Togo,2011,73386897.6,,303079965.2
Togo,2012,162318153.7,,293884294.3
Togo,2013,195193775.9,,399796555.2
Togo,2014,299219468.2,,416519882.1
Togo,2015,377693393.2,,463043878.5
Togo,2016,460688495.7,,523703763.9
Togo,2017,522870438.8,,617859813.3
Togo,2018,532747877.4,,628683502.9
Togo,2019,516995562.1,,848683946.6
Togo,2020,526592157.9,,1262618332.5
Togo,2021,518546912.6,,1332219296.9
Togo,2022,444011030.4,,1410603989.8
Togo,2023,388498314.2,,1705821291.8
Togo,2024,329568760.4,,2091813613.2
Tunisia,2000,19802960.4,,8868527124.9
Tunisia,2001,18630147.0,,9094095531.2
Tunisia,2002,16694332.6,,10962223677.4
Tunisia,2003,14765184.2,,13225355592.4
Tunisia,2004,13301758.0,,14586311278.8
Tunisia,2005,28651706.4,,13073226924.5
Tunisia,2006,40387900.7,,13545042838.0
Tunisia,2007,50169071.4,,14650092258.9
Tunisia,2008,51533520.5,,14583335193.7
Tunisia,2009,47166896.1,,14987638418.1
Tunisia,2010,43332075.2,,14815144045.5
Tunisia,2011,37763176.6,,15067785617.0
Tunisia,2012,77166460.9,,16596475722.2
Tunisia,2013,106698584.4,,16825336761.7
Tunisia,2014,97025525.9,,16902290452.699999
Tunisia,2015,94866394.6,,18012464440.4
Tunisia,2016,85861041.6,,18518528031.3
Tunisia,2017,78994101.1,,22183513604.5
Tunisia,2018,68590209.8,,22471087387.5
Tunisia,2019,59329860.6,,23723254057.3
Tunisia,2020,52123123.5,,25725385234.2
Tunisia,2021,46612499.6,,23105767935.6
Tunisia,2022,41244441.4,,21593043764.5
Tunisia,2023,37107730.0,,22025323818.0
Tunisia,2024,31142256.3,,20785115630.2
Uganda,2000,17058136.6,,3034244179.9
Uganda,2001,18036680.8,,3286804563.3
Uganda,2002,18035591.3,,3546496485.4
Uganda,2003,18036898.7,,4132187739.2
Uganda,2004,18037334.6,,4399506978.2
Uganda,2005,18498426.3,,4190186408.3
Uganda,2006,19117907.0,,1080261714.1
Uganda,2007,24848999.3,,1545826717.1
Uganda,2008,32623269.8,,1747486466.2
Uganda,2009,56074953.8,,2191169110.8
Uganda,2010,93010916.7,,2579919677.5
Uganda,2011,98955863.4,,2864341224.6
Uganda,2012,282327333.9,,3196069902.2
Uganda,2013,337631360.0,,3726849549.0
Uganda,2014,399380873.3,,3813443684.9
Uganda,2015,762525736.4,,4106786238.2
Uganda,2016,1098790541.6,,4348918398.1
Uganda,2017,1545531309.9,,5351533543.4
Uganda,2018,1945702933.7,,5768402359.1
Uganda,2019,2149183493.9,,6511896215.9
Uganda,2020,2605913866.1,,9223876939.3
Uganda,2021,2591660589.1,,10133354630.3
Uganda,2022,2661052160.9,,9928307999.7
Uganda,2023,2570633442.9,,11478988343.9
Uganda,2024,2567502162.9,,11532201800.2
Zambia,2000,120964251.0,,4323685600.0
Zambia,2001,207932258.3,,4623203716.9
Zambia,2002,208082513.4,,5053945964.7
Zambia,2003,206391086.4,,5374119028.299999
Zambia,2004,173999516.5,,5675402279.2
Zambia,2005,171896152.0,,3678865010.2
Zambia,2006,162372391.6,0.0,694247049.5
Zambia,2007,222120659.2,19622000.0,770531013.0
Zambia,2008,213498622.8,41553000.0,784592666.0
Zambia,2009,208109887.9,52796000.0,833564885.9
Zambia,2010,314920821.2,53768000.0,890607202.7
Zambia,2011,875594883.0,51994000.0,1090487298.7
Zambia,2012,1206265773.1,181418000.0,2084211798.2
Zambia,2013,1252493877.8,267342000.0,2232192075.3
Zambia,2014,1596116873.8,296604000.0,3362301043.2
Zambia,2015,1922626460.9,283751000.0,4813667805.099999
Zambia,2016,2321701762.1,276603000.0,4997150543.7
Zambia,2017,2601898066.2,524450000.0,6444764900.7
Zambia,2018,2877733663.8,659904000.0,7441178233.0
Zambia,2019,3438609476.0,1530188000.0,8190635835.5
Zambia,2020,3744972221.9,1850981000.0,9461576942.5
Zambia,2021,3781871592.7,1859588000.0,9616531076.6
Zambia,2022,3688866229.6,1806011000.0,10223914083.4
Zambia,2023,3592790068.7,1785645000.0,10006183325.2
Zambia,2024,3570963883.3,1758657000.0,10143633820.1
Zimbabwe,2000,50267068.3,0.0,2839062764.8
Zimbabwe,2001,50269446.1,0.0,2770650360.5
Zimbabwe,2002,68151460.7,,3116312029.6
Zimbabwe,2003,74506843.1,,3487597774.9
Zimbabwe,2004,133900646.5,,3628423348.8
Zimbabwe,2005,118435293.8,,3309651964.1
Zimbabwe,2006,137769119.7,,3511646121.0
Zimbabwe,2007,305165328.0,,3593206076.4
Zimbabwe,2008,348686649.0,,3643051229.0
Zimbabwe,2009,399807430.8,,3739835386.1
Zimbabwe,2010,406626787.5,,3680159562.6
Zimbabwe,2011,504934972.7,,3679544755.1
Zimbabwe,2012,685653682.0,,3714678842.1
Zimbabwe,2013,742988059.6,,3706718243.0
Zimbabwe,2014,816509866.1,,3477363309.0
Zimbabwe,2015,1003207724.2,,3532386633.3
Zimbabwe,2016,1141204049.8,,3436782863.9
Zimbabwe,2017,1254881099.3,,3416438476.2
Zimbabwe,2018,1470200226.6,,3170632667.3
Zimbabwe,2019,1501584886.8,,3149869991.8
Zimbabwe,2020,1579933398.6,,3279838651.5
Zimbabwe,2021,1730675429.8,,3149194610.8
Zimbabwe,2022,1942576155.4,,3026031209.8
Zimbabwe,2023,1963558023.3,,3436551465.4
Zimbabwe,2024,2006951022.5,,3306820349.1
