debtor_name,year,iso3_code,value
Africa (excluding high income) (median),2000,,58.11533520951127
Africa (excluding high income) (median),2001,,57.32676897851658
Africa (excluding high income) (median),2002,,53.66696540051413
Africa (excluding high income) (median),2003,,49.52806532220022
Africa (excluding high income) (median),2004,,44.89822879354429
Africa (excluding high income) (median),2005,,38.31601525661472
Africa (excluding high income) (median),2006,,20.943160975439547
Africa (excluding high income) (median),2007,,18.47472793608446
Africa (excluding high income) (median),2008,,16.565225985408784
Africa (excluding high income) (median),2009,,18.393817358451567
Africa (excluding high income) (median),2010,,18.28755675272624
Africa (excluding high income) (median),2011,,16.432369719831318
Africa (excluding high income) (median),2012,,16.204624484700954
Africa (excluding high income) (median),2013,,17.051490436271564
Africa (excluding high income) (median),2014,,19.359358282131023
Africa (excluding high income) (median),2015,,21.86549861243307
Africa (excluding high income) (median),2016,,21.605777841307134
Africa (excluding high income) (median),2017,,23.7709889856013
Africa (excluding high income) (median),2018,,22.891673953087935
Africa (excluding high income) (median),2019,,26.202663857305065
Africa (excluding high income) (median),2020,,29.432605414337683
Africa (excluding high income) (median),2021,,28.39777690997404
Africa (excluding high income) (median),2022,,26.631609931544187
Africa (excluding high income) (median),2023,,28.565012550443264
Africa (excluding high income) (median),2024,,26.561637855775338
Algeria,2000,DZA,39.3043799736542
Algeria,2001,DZA,35.12587284703723
Algeria,2002,DZA,34.655424135368264
Algeria,2003,DZA,29.78513899109042
Algeria,2004,DZA,22.22968653012535
Algeria,2005,DZA,14.49485686834123
Algeria,2006,DZA,3.1369965236578303
Algeria,2007,DZA,2.8276929301050786
Algeria,2008,DZA,1.8265631416178683
Algeria,2009,DZA,2.036986737780064
Algeria,2010,DZA,1.4973466577080583
Algeria,2011,DZA,1.0330239239474373
Algeria,2012,DZA,0.7257496128211709
Algeria,2013,DZA,0.6327106715878956
Algeria,2014,DZA,0.47081999729935214
Algeria,2015,DZA,0.46414171787123365
Algeria,2016,DZA,0.9143054845482371
Algeria,2017,DZA,0.9030892790718396
Algeria,2018,DZA,0.7829276876900227
Algeria,2019,DZA,0.7230927899249667
Algeria,2020,DZA,0.8717472275167347
Algeria,2021,DZA,0.6674004132631065
Algeria,2022,DZA,0.46771849287529416
Algeria,2023,DZA,0.40016755594258074
Algeria,2024,DZA,0.3163971807841875
Angola,2000,AGO,63.929737041682756
Angola,2001,AGO,56.410511899283854
Angola,2002,AGO,43.556855209016106
Angola,2003,AGO,37.530341239127
Angola,2004,AGO,30.301824232911073
Angola,2005,AGO,23.0263125562591
Angola,2006,AGO,12.55161490126959
Angola,2007,AGO,12.651631298917978
Angola,2008,AGO,12.941418405970545
Angola,2009,AGO,16.815955860862474
Angola,2010,AGO,16.391993447951997
Angola,2011,AGO,14.527338610046774
Angola,2012,AGO,13.89311681235235
Angola,2013,AGO,16.359228795770232
Angola,2014,AGO,19.76432060861672
Angola,2015,AGO,24.95184191247944
Angola,2016,AGO,35.22704642841477
Angola,2017,AGO,29.53139303551441
Angola,2018,AGO,40.776024391798074
Angola,2019,AGO,49.99156872984598
Angola,2020,AGO,71.6458085313735
Angola,2021,AGO,56.18434202779504
Angola,2022,AGO,34.60259329745867
Angola,2023,AGO,40.17920779271517
Angola,2024,AGO,38.56147821885597
Benin,2000,BEN,35.3794799897545
Benin,2001,BEN,35.729873167301605
Benin,2002,BEN,34.74421922374015
Benin,2003,BEN,25.462456035702864
Benin,2004,BEN,24.44814671316716
Benin,2005,BEN,22.075924462262712
Benin,2006,BEN,8.564676868978593
Benin,2007,BEN,9.384624100919314
Benin,2008,BEN,8.909055405203532
Benin,2009,BEN,10.10113075053464
Benin,2010,BEN,11.654970982272907
Benin,2011,BEN,11.15053057871817
Benin,2012,BEN,11.660982635736348
Benin,2013,BEN,12.740628134878751
Benin,2014,BEN,13.257391869521493
Benin,2015,BEN,16.699876038188076
Benin,2016,BEN,17.073651985597323
Benin,2017,BEN,19.66614155310159
Benin,2018,BEN,20.206174437528
Benin,2019,BEN,24.516731941324117
Benin,2020,BEN,28.485487083667376
Benin,2021,BEN,32.97498860638185
Benin,2022,BEN,34.63646016397495
Benin,2023,BEN,37.16227097632552
Benin,2024,BEN,41.51532838975903
Botswana,2000,BWA,7.7037305266455265
Botswana,2001,BWA,6.938585392216401
Botswana,2002,BWA,8.75616038642293
Botswana,2003,BWA,6.488758101757947
Botswana,2004,BWA,5.533925040059228
Botswana,2005,BWA,4.193294375409735
Botswana,2006,BWA,3.6109295526898557
Botswana,2007,BWA,3.75064201743215
Botswana,2008,BWA,3.697693838006365
Botswana,2009,BWA,13.789303516543033
Botswana,2010,BWA,10.749876780378173
Botswana,2011,BWA,12.57401948216234
Botswana,2012,BWA,13.902516668028047
Botswana,2013,BWA,12.70074543198593
Botswana,2014,BWA,12.333716407430908
Botswana,2015,BWA,12.998637703648189
Botswana,2016,BWA,11.040100408834345
Botswana,2017,BWA,9.577996751475117
Botswana,2018,BWA,8.473667007340268
Botswana,2019,BWA,7.98628294917202
Botswana,2020,BWA,8.600047523050542
Botswana,2021,BWA,7.905954204071191
Botswana,2022,BWA,7.668697796630605
Botswana,2023,BWA,8.055103848971005
Botswana,2024,BWA,9.56759321658249
Burkina Faso,2000,BFA,41.79764119808901
Burkina Faso,2001,BFA,41.50611086157724
Burkina Faso,2002,BFA,39.063176493663995
Burkina Faso,2003,BFA,33.86530992929544
Burkina Faso,2004,BFA,32.86922598928946
Burkina Faso,2005,BFA,30.442421961474537
Burkina Faso,2006,BFA,15.360561090521394
Burkina Faso,2007,BFA,16.69420295905579
Burkina Faso,2008,BFA,16.110990130576482
Burkina Faso,2009,BFA,18.4780497318185
Burkina Faso,2010,BFA,19.454103449765203
Burkina Faso,2011,BFA,17.460333187063934
Burkina Faso,2012,BFA,18.197169518040816
Burkina Faso,2013,BFA,17.346181611419276
Burkina Faso,2014,BFA,16.624841860842306
Burkina Faso,2015,BFA,20.17047507397943
Burkina Faso,2016,BFA,20.062133087084202
Burkina Faso,2017,BFA,20.406297291479294
Burkina Faso,2018,BFA,19.135533406231982
Burkina Faso,2019,BFA,20.97875445183302
Burkina Faso,2020,BFA,22.603716996012775
Burkina Faso,2021,BFA,22.146734685179066
Burkina Faso,2022,BFA,23.789769491894514
Burkina Faso,2023,BFA,24.090960243818863
Burkina Faso,2024,BFA,22.14141608168709
Burundi,2000,BDI,104.73697812285172
Burundi,2001,BDI,100.26500126666633
Burundi,2002,BDI,121.77364621715007
Burundi,2003,BDI,148.33919108228176
Burundi,2004,BDI,133.7625079589225
Burundi,2005,BDI,105.27886247854963
Burundi,2006,BDI,96.6673742691666
Burundi,2007,BDI,94.09180882009204
Burundi,2008,BDI,76.57707319479154
Burundi,2009,BDI,22.16300751621379
Burundi,2010,BDI,18.786898035809628
Burundi,2011,BDI,16.27536540715916
Burundi,2012,BDI,17.48501601588817
Burundi,2013,BDI,16.07465344663855
Burundi,2014,BDI,14.949840047956048
Burundi,2015,BDI,13.17720959687878
Burundi,2016,BDI,13.846176468998234
Burundi,2017,BDI,13.244614551528702
Burundi,2018,BDI,14.066592819184756
Burundi,2019,BDI,15.927547990809584
Burundi,2020,BDI,17.233807378247075
Burundi,2021,BDI,17.15832769659665
Burundi,2022,BDI,14.539268762761267
Burundi,2023,BDI,13.936717740272062
Burundi,2024,BDI,12.426414395321354
Cabo Verde,2000,CPV,45.05022455920549
Cabo Verde,2001,CPV,43.11956689242122
Cabo Verde,2002,CPV,43.9125363452592
Cabo Verde,2003,CPV,39.0444907168982
Cabo Verde,2004,CPV,35.83647937349714
Cabo Verde,2005,CPV,33.20547290420793
Cabo Verde,2006,CPV,35.09679273654548
Cabo Verde,2007,CPV,34.24151025507661
Cabo Verde,2008,CPV,31.199103704236684
Cabo Verde,2009,CPV,37.66677710565314
Cabo Verde,2010,CPV,47.25081657716588
Cabo Verde,2011,CPV,49.90961961444545
Cabo Verde,2012,CPV,64.36513245387937
Cabo Verde,2013,CPV,72.81347057115862
Cabo Verde,2014,CPV,75.29449798964704
Cabo Verde,2015,CPV,87.88447108279644
Cabo Verde,2016,CPV,83.24005620638019
Cabo Verde,2017,CPV,89.01176602685776
Cabo Verde,2018,CPV,79.59764635617432
Cabo Verde,2019,CPV,80.65201865215539
Cabo Verde,2020,CPV,111.05893501674812
Cabo Verde,2021,CPV,97.10939401231089
Cabo Verde,2022,CPV,85.171864538712
Cabo Verde,2023,CPV,77.57364777867475
Cabo Verde,2024,CPV,67.68971750015498
Cameroon,2000,CMR,85.43842510878092
Cameroon,2001,CMR,76.02145535856822
Cameroon,2002,CMR,73.02891595617369
Cameroon,2003,CMR,63.02669204094262
Cameroon,2004,CMR,49.482613335849294
Cameroon,2005,CMR,33.10640660274723
Cameroon,2006,CMR,11.43643886812983
Cameroon,2007,CMR,9.011829964484248
Cameroon,2008,CMR,7.568882365346033
Cameroon,2009,CMR,7.765881601525877
Cameroon,2010,CMR,7.844917444509926
Cameroon,2011,CMR,6.933278326049648
Cameroon,2012,CMR,9.686259719326715
Cameroon,2013,CMR,12.076654414837414
Cameroon,2014,CMR,12.685655539650842
Cameroon,2015,CMR,17.789564194743978
Cameroon,2016,CMR,18.628095593001817
Cameroon,2017,CMR,22.15369280854124
Cameroon,2018,CMR,22.891673953087935
Cameroon,2019,CMR,26.184425144167296
Cameroon,2020,CMR,27.89699531798674
Cameroon,2021,CMR,27.489232588065736
Cameroon,2022,CMR,26.699846242448107
Cameroon,2023,CMR,24.84182420425281
Cameroon,2024,CMR,23.479553016857505
Central African Republic,2000,CAF,91.88403813510003
Central African Republic,2001,CAF,84.25678011896271
Central African Republic,2002,CAF,98.22785680912715
Central African Republic,2003,CAF,75.3919374509748
Central African Republic,2004,CAF,70.98647143363614
Central African Republic,2005,CAF,61.624272887793296
Central African Republic,2006,CAF,56.11337886651362
Central African Republic,2007,CAF,48.48184596835086
Central African Republic,2008,CAF,40.03678791961434
Central African Republic,2009,CAF,13.98255511861925
Central African Republic,2010,CAF,17.50625180883078
Central African Republic,2011,CAF,12.881086367727649
Central African Republic,2012,CAF,13.340458511232958
Central African Republic,2013,CAF,20.998833734341467
Central African Republic,2014,CAF,20.651767672309745
Central African Republic,2015,CAF,24.21386413268965
Central African Republic,2016,CAF,22.41984087716818
Central African Republic,2017,CAF,19.349595733830242
Central African Republic,2018,CAF,18.657180788402066
Central African Republic,2019,CAF,18.267305233313355
Central African Republic,2020,CAF,17.118996031357668
Central African Republic,2021,CAF,15.982680104812669
Central African Republic,2022,CAF,17.342019082234284
Central African Republic,2023,CAF,16.751911537440044
Central African Republic,2024,CAF,15.299679614406141
Chad,2000,TCD,48.32672633881068
Chad,2001,TCD,38.88074418756505
Chad,2002,TCD,38.856671756361294
Chad,2003,TCD,34.89366865371174
Chad,2004,TCD,23.522017827281914
Chad,2005,TCD,17.618485711283522
Chad,2006,TCD,17.120044897391292
Chad,2007,TCD,16.12573917151774
Chad,2008,TCD,13.023968065306017
Chad,2009,TCD,14.221598810783828
Chad,2010,TCD,14.561943049848866
Chad,2011,TCD,13.318997302188999
Chad,2012,TCD,12.598549901832031
Chad,2013,TCD,15.784006038100435
Chad,2014,TCD,19.917554556337805
Chad,2015,TCD,18.27091752408732
Chad,2016,TCD,20.254087430137606
Chad,2017,TCD,21.49333615657935
Chad,2018,TCD,18.1446146516084
Chad,2019,TCD,18.338717534252105
Chad,2020,TCD,18.774892407365986
Chad,2021,TCD,15.559876633941347
Chad,2022,TCD,12.430652288994361
Chad,2023,TCD,11.790968841439154
Chad,2024,TCD,11.830607419808036
Comoros,2000,COM,59.39905913353256
Comoros,2001,COM,58.24302605774931
Comoros,2002,COM,56.10967062944759
Comoros,2003,COM,47.788895632466485
Comoros,2004,COM,43.246046520221846
Comoros,2005,COM,38.71356440701746
Comoros,2006,COM,37.18229790787687
Comoros,2007,COM,34.546381516197584
Comoros,2008,COM,28.87392516484465
Comoros,2009,COM,28.592142237919056
Comoros,2010,COM,27.348327682534023
Comoros,2011,COM,23.785928007140438
Comoros,2012,COM,21.662414661884178
Comoros,2013,COM,9.685444147713886
Comoros,2014,COM,9.069320679303305
Comoros,2015,COM,9.825490810214392
Comoros,2016,COM,14.510180878884723
Comoros,2017,COM,14.343907544612183
Comoros,2018,COM,20.669178357427285
Comoros,2019,COM,20.04073575433948
Comoros,2020,COM,21.46376131149264
Comoros,2021,COM,22.555315285310883
Comoros,2022,COM,24.77529352112584
Comoros,2023,COM,24.124212908009074
Comoros,2024,COM,22.46677424746033
"Congo, Dem. Rep.",2000,COD,41.26700990227414
"Congo, Dem. Rep.",2001,COD,104.58596532512064
"Congo, Dem. Rep.",2002,COD,101.34862651836802
"Congo, Dem. Rep.",2003,COD,112.34468063654215
"Congo, Dem. Rep.",2004,COD,98.38065801547073
"Congo, Dem. Rep.",2005,COD,73.865548882662
"Congo, Dem. Rep.",2006,COD,63.99374615402843
"Congo, Dem. Rep.",2007,COD,58.597887597662
"Congo, Dem. Rep.",2008,COD,47.89455544558859
"Congo, Dem. Rep.",2009,COD,58.37618166493939
"Congo, Dem. Rep.",2010,COD,18.518888042481326
"Congo, Dem. Rep.",2011,COD,13.833986464979823
"Congo, Dem. Rep.",2012,COD,12.499547920874141
"Congo, Dem. Rep.",2013,COD,13.132967106069982
"Congo, Dem. Rep.",2014,COD,11.126448415624273
"Congo, Dem. Rep.",2015,COD,10.51259116287514
"Congo, Dem. Rep.",2016,COD,10.539978003183991
"Congo, Dem. Rep.",2017,COD,11.231905608116795
"Congo, Dem. Rep.",2018,COD,11.884739005539277
"Congo, Dem. Rep.",2019,COD,12.272853824008058
"Congo, Dem. Rep.",2020,COD,14.367045115797882
"Congo, Dem. Rep.",2021,COD,11.634454915732523
"Congo, Dem. Rep.",2022,COD,9.280705540539646
"Congo, Dem. Rep.",2023,COD,10.64755352035915
"Congo, Dem. Rep.",2024,COD,10.328140831200493
"Congo, Rep.",2000,COG,103.42094766053211
"Congo, Rep.",2001,COG,120.08461843126139
"Congo, Rep.",2002,COG,119.90059905298722
"Congo, Rep.",2003,COG,115.10757774949938
"Congo, Rep.",2004,COG,114.49464459655564
"Congo, Rep.",2005,COG,82.16106972430431
"Congo, Rep.",2006,COG,72.11278202561637
"Congo, Rep.",2007,COG,55.81874974427178
"Congo, Rep.",2008,COG,42.48980375206216
"Congo, Rep.",2009,COG,47.67884831104372
"Congo, Rep.",2010,COG,18.615579746269056
"Congo, Rep.",2011,COG,18.451117400221868
"Congo, Rep.",2012,COG,18.296699804536967
"Congo, Rep.",2013,COG,21.287191738373593
"Congo, Rep.",2014,COG,30.022501268590457
"Congo, Rep.",2015,COG,52.179189326830524
"Congo, Rep.",2016,COG,58.21862786860403
"Congo, Rep.",2017,COG,58.58248336707016
"Congo, Rep.",2018,COG,45.01298300542603
"Congo, Rep.",2019,COG,57.28141244724455
"Congo, Rep.",2020,COG,67.6676513829269
"Congo, Rep.",2021,COG,55.85688362685609
"Congo, Rep.",2022,COG,47.24634035232819
"Congo, Rep.",2023,COG,42.03538144340084
"Congo, Rep.",2024,COG,36.10524802112193
Cote d'Ivoire,2000,CIV,61.029836745989876
Cote d'Ivoire,2001,CIV,55.47821982371646
Cote d'Ivoire,2002,CIV,53.07720437343914
Cote d'Ivoire,2003,CIV,45.72449210272175
Cote d'Ivoire,2004,CIV,48.37977186758461
Cote d'Ivoire,2005,CIV,42.22037074309843
Cote d'Ivoire,2006,CIV,43.987730121952694
Cote d'Ivoire,2007,CIV,41.401803459786954
Cote d'Ivoire,2008,CIV,31.64537861255885
Cote d'Ivoire,2009,CIV,37.76741525368646
Cote d'Ivoire,2010,CIV,27.336909448214016
Cote d'Ivoire,2011,CIV,27.853166474548587
Cote d'Ivoire,2012,CIV,13.637280606893068
Cote d'Ivoire,2013,CIV,14.731892335208146
Cote d'Ivoire,2014,CIV,13.539470459501409
Cote d'Ivoire,2015,CIV,18.57059052967472
Cote d'Ivoire,2016,CIV,17.282873334505187
Cote d'Ivoire,2017,CIV,19.884577846496438
Cote d'Ivoire,2018,CIV,22.60778502373054
Cote d'Ivoire,2019,CIV,26.074286251475787
Cote d'Ivoire,2020,CIV,31.71343202196168
Cote d'Ivoire,2021,CIV,31.83805468149621
Cote d'Ivoire,2022,CIV,36.73489981318793
Cote d'Ivoire,2023,CIV,35.86564312058659
Cote d'Ivoire,2024,CIV,35.86398907574689
Djibouti,2000,DJI,30.5387080233736
Djibouti,2001,DJI,29.182502246630055
Djibouti,2002,DJI,35.99601209382747
Djibouti,2003,DJI,41.08685446765645
Djibouti,2004,DJI,41.6972561343744
Djibouti,2005,DJI,38.090427608122305
Djibouti,2006,DJI,40.88708016026869
Djibouti,2007,DJI,54.683652546771
Djibouti,2008,DJI,49.16415547399346
Djibouti,2009,DJI,51.82262759777218
Djibouti,2010,DJI,39.61813356836619
Djibouti,2011,DJI,36.84601216484893
Djibouti,2012,DJI,33.26804314990975
Djibouti,2013,DJI,32.52997475592338
Djibouti,2014,DJI,36.618910389716824
Djibouti,2015,DJI,48.43783271434653
Djibouti,2016,DJI,61.52800374286696
Djibouti,2017,DJI,70.40082734225712
Djibouti,2018,DJI,70.19166923234017
Djibouti,2019,DJI,69.46071736059784
Djibouti,2020,DJI,74.85417007406805
Djibouti,2021,DJI,70.93168900172925
Djibouti,2022,DJI,67.6179169701486
Djibouti,2023,DJI,72.75981074258546
Djibouti,2024,DJI,67.30343753567432
"Egypt, Arab Rep.",2000,EGY,23.27288761497142
"Egypt, Arab Rep.",2001,EGY,24.772242747572484
"Egypt, Arab Rep.",2002,EGY,29.556780380837072
"Egypt, Arab Rep.",2003,EGY,32.97793419328703
"Egypt, Arab Rep.",2004,EGY,35.46940255175088
"Egypt, Arab Rep.",2005,EGY,30.419291780539965
"Egypt, Arab Rep.",2006,EGY,25.706656115150967
"Egypt, Arab Rep.",2007,EGY,23.44569325692076
"Egypt, Arab Rep.",2008,EGY,18.029321512393963
"Egypt, Arab Rep.",2009,EGY,15.819805789197016
"Egypt, Arab Rep.",2010,EGY,14.006151159983407
"Egypt, Arab Rep.",2011,EGY,12.42805533704808
"Egypt, Arab Rep.",2012,EGY,10.867780546837382
"Egypt, Arab Rep.",2013,EGY,13.958993667269434
"Egypt, Arab Rep.",2014,EGY,11.543824318529387
"Egypt, Arab Rep.",2015,EGY,12.619188211928211
"Egypt, Arab Rep.",2016,EGY,15.146249851049799
"Egypt, Arab Rep.",2017,EGY,26.598247938525038
"Egypt, Arab Rep.",2018,EGY,30.191258721508458
"Egypt, Arab Rep.",2019,EGY,28.35404175043847
"Egypt, Arab Rep.",2020,EGY,26.093840312029798
"Egypt, Arab Rep.",2021,EGY,25.67716879668231
"Egypt, Arab Rep.",2022,EGY,23.191473464234637
"Egypt, Arab Rep.",2023,EGY,29.835501023786907
"Egypt, Arab Rep.",2024,EGY,27.910576017514856
Equatorial Guinea,2019,GNQ,11.710234708326265
Equatorial Guinea,2020,GNQ,12.28808056173679
Equatorial Guinea,2021,GNQ,9.272166531844785
Equatorial Guinea,2022,GNQ,8.306906076570714
Equatorial Guinea,2023,GNQ,8.251148135136505
Equatorial Guinea,2024,GNQ,7.015673752261027
Eritrea,2000,ERI,54.51214872132588
Eritrea,2001,ERI,67.81316736509461
Eritrea,2002,ERI,86.67517830630273
Eritrea,2003,ERI,89.84976302367535
Eritrea,2004,ERI,82.0223612106299
Eritrea,2005,ERI,85.05039801381295
Eritrea,2006,ERI,83.36232017308961
Eritrea,2007,ERI,83.89064815976784
Eritrea,2008,ERI,103.71428940069991
Eritrea,2009,ERI,78.12180292532598
Eritrea,2010,ERI,62.81322117752899
Eritrea,2011,ERI,48.91107187789648
Eritrea,2012,ERI,42.11544329985605
Eritrea,2013,ERI,45.64948606987611
Eritrea,2014,ERI,31.85802610671698
Eritrea,2015,ERI,38.90811027753367
Eritrea,2016,ERI,34.05591795482537
Eritrea,2017,ERI,40.80435166155716
Eritrea,2018,ERI,37.01262931167727
Eritrea,2019,ERI,36.614586052374115
Eswatini,2000,SWZ,15.53650473494383
Eswatini,2001,SWZ,17.914122213102175
Eswatini,2002,SWZ,23.99393419367338
Eswatini,2003,SWZ,18.389504839346994
Eswatini,2004,SWZ,15.30410066541191
Eswatini,2005,SWZ,13.478577023591818
Eswatini,2006,SWZ,13.184961662097269
Eswatini,2007,SWZ,13.34204099918456
Eswatini,2008,SWZ,13.204807046597297
Eswatini,2009,SWZ,12.350916395351968
Eswatini,2010,SWZ,10.022220159745263
Eswatini,2011,SWZ,8.21166914691751
Eswatini,2012,SWZ,7.301160343440713
Eswatini,2013,SWZ,6.953536809193599
Eswatini,2014,SWZ,6.976687561563029
Eswatini,2015,SWZ,7.60819406795563
Eswatini,2016,SWZ,9.852631214346886
Eswatini,2017,SWZ,9.57780626683037
Eswatini,2018,SWZ,10.739370285170665
Eswatini,2019,SWZ,11.701970158660712
Eswatini,2020,SWZ,14.133482371798745
Eswatini,2021,SWZ,12.901338866362147
Eswatini,2022,SWZ,15.96564095708989
Eswatini,2023,SWZ,16.736263814363692
Eswatini,2024,SWZ,17.85572588079922
Ethiopia,2000,ETH,65.36737958863237
Ethiopia,2001,ETH,68.77006045286956
Ethiopia,2002,ETH,80.95478620381826
Ethiopia,2003,ETH,81.86807020889957
Ethiopia,2004,ETH,62.19059624146719
Ethiopia,2005,ETH,47.40356395053229
Ethiopia,2006,ETH,13.985664194383727
Ethiopia,2007,ETH,12.979533629137805
Ethiopia,2008,ETH,10.561589677908835
Ethiopia,2009,ETH,16.61642641774887
Ethiopia,2010,ETH,24.17543257631482
Ethiopia,2011,ETH,26.05901341675626
Ethiopia,2012,ETH,23.55376327321603
Ethiopia,2013,ETH,25.55932036269684
Ethiopia,2014,ETH,29.913027660544977
Ethiopia,2015,ETH,30.908238290285688
Ethiopia,2016,ETH,30.691361358542256
Ethiopia,2017,ETH,32.84126367873842
Ethiopia,2018,ETH,35.97090278149474
Ethiopia,2019,ETH,31.9376855425922
Ethiopia,2020,ETH,32.104260054238495
Ethiopia,2021,ETH,30.376738503281352
Ethiopia,2022,ETH,24.41520230819359
Ethiopia,2023,ETH,19.973802410962488
Ethiopia,2024,ETH,23.89642338468601
Gabon,2000,GAB,64.25087073486692
Gabon,2001,GAB,60.79168134493261
Gabon,2002,GAB,60.02946979761167
Gabon,2003,GAB,52.28179955894322
Gabon,2004,GAB,49.011910898488054
Gabon,2005,GAB,38.54160290510714
Gabon,2006,GAB,38.001711376511174
Gabon,2007,GAB,37.233010438891675
Gabon,2008,GAB,15.094574420529389
Gabon,2009,GAB,19.50917889197784
Gabon,2010,GAB,17.509217718973673
Gabon,2011,GAB,15.228514195256654
Gabon,2012,GAB,16.90465434151021
Gabon,2013,GAB,24.57325849063638
Gabon,2014,GAB,23.95047643907634
Gabon,2015,GAB,32.79764423753397
Gabon,2016,GAB,35.29806214055787
Gabon,2017,GAB,39.92734742649584
Gabon,2018,GAB,36.288053870166905
Gabon,2019,GAB,36.80041466902667
Gabon,2020,GAB,42.90300923906772
Gabon,2021,GAB,32.84190674441263
Gabon,2022,GAB,30.19911067182099
Gabon,2023,GAB,30.301705242806037
Gabon,2024,GAB,26.561637855775338
"Gambia, The",2000,GMB,43.3785820633861
"Gambia, The",2001,GMB,43.43069035173473
"Gambia, The",2002,GMB,57.211610154202795
"Gambia, The",2003,GMB,67.39907515877319
"Gambia, The",2004,GMB,64.46221558143716
"Gambia, The",2005,GMB,59.473984057619866
"Gambia, The",2006,GMB,63.17791691015755
"Gambia, The",2007,GMB,51.16745919170307
"Gambia, The",2008,GMB,22.736395992488
"Gambia, The",2009,GMB,28.437941153349122
"Gambia, The",2010,GMB,27.344803015625658
"Gambia, The",2011,GMB,30.835603279860734
"Gambia, The",2012,GMB,31.70283051296639
"Gambia, The",2013,GMB,34.495809245214296
"Gambia, The",2014,GMB,37.25239560067737
"Gambia, The",2015,GMB,35.81910769868961
"Gambia, The",2016,GMB,35.72401079315322
"Gambia, The",2017,GMB,43.137629402073635
"Gambia, The",2018,GMB,40.61575646027282
"Gambia, The",2019,GMB,41.44892435460722
"Gambia, The",2020,GMB,45.96853536411412
"Gambia, The",2021,GMB,41.42852156835705
"Gambia, The",2022,GMB,41.743661479900304
"Gambia, The",2023,GMB,42.138104456242665
"Gambia, The",2024,GMB,42.026431322421686
Ghana,2000,GHA,45.20127887956877
Ghana,2001,GHA,44.11353292467442
Ghana,2002,GHA,41.37596973644278
Ghana,2003,GHA,37.23304049835682
Ghana,2004,GHA,28.16446682237498
Ghana,2005,GHA,22.953876606104355
Ghana,2006,GHA,7.340684453025024
Ghana,2007,GHA,7.7538062659617335
Ghana,2008,GHA,8.142642830578845
Ghana,2009,GHA,11.6630427265655
Ghana,2010,GHA,11.88086050147159
Ghana,2011,GHA,12.495179931435102
Ghana,2012,GHA,14.423199268528894
Ghana,2013,GHA,17.210684137703876
Ghana,2014,GHA,23.50709216720276
Ghana,2015,GHA,29.777773816756714
Ghana,2016,GHA,28.24994514444579
Ghana,2017,GHA,27.105612459519218
Ghana,2018,GHA,25.352210140279723
Ghana,2019,GHA,28.675780604462105
Ghana,2020,GHA,32.731257523631044
Ghana,2021,GHA,33.465207095923574
Ghana,2022,GHA,37.35130500852582
Ghana,2023,GHA,35.41585369012844
Ghana,2024,GHA,30.717368470778283
Guinea,2000,GIN,65.46680795112242
Guinea,2001,GIN,67.32998749125096
Guinea,2002,GIN,67.77444462289348
Guinea,2003,GIN,61.93100861896155
Guinea,2004,GIN,59.8480191899318
Guinea,2005,GIN,62.41186170177355
Guinea,2006,GIN,70.25483634648347
Guinea,2007,GIN,48.72548793780233
Guinea,2008,GIN,42.68618591347441
Guinea,2009,GIN,44.28330050921366
Guinea,2010,GIN,42.66240233191939
Guinea,2011,GIN,43.72680783730535
Guinea,2012,GIN,13.928246288224742
Guinea,2013,GIN,15.954193080681604
Guinea,2014,GIN,16.60512212459759
Guinea,2015,GIN,18.17500662683512
Guinea,2016,GIN,20.54369455042132
Guinea,2017,GIN,18.040291449367658
Guinea,2018,GIN,16.801260312555584
Guinea,2019,GIN,21.367589615822414
Guinea,2020,GIN,23.466497181140372
Guinea,2021,GIN,21.68884826616655
Guinea,2022,GIN,18.72315811268399
Guinea,2023,GIN,17.793575127964452
Guinea,2024,GIN,16.890467035439634
Guinea-Bissau,2000,GNB,210.79425334211965
Guinea-Bissau,2001,GNB,189.75416442486198
Guinea-Bissau,2002,GNB,180.2503861771188
Guinea-Bissau,2003,GNB,165.75786644768698
Guinea-Bissau,2004,GNB,166.92791067629483
Guinea-Bissau,2005,GNB,138.0967617983847
Guinea-Bissau,2006,GNB,142.54115190858454
Guinea-Bissau,2007,GNB,123.25865434144217
Guinea-Bissau,2008,GNB,97.96322819593037
Guinea-Bissau,2009,GNB,105.53942747477791
Guinea-Bissau,2010,GNB,101.66472015559901
Guinea-Bissau,2011,GNB,18.04920571092196
Guinea-Bissau,2012,GNB,21.295064452477725
Guinea-Bissau,2013,GNB,23.384882459117293
Guinea-Bissau,2014,GNB,29.577799475669348
Guinea-Bissau,2015,GNB,43.27886807039647
Guinea-Bissau,2016,GNB,42.81042526457524
Guinea-Bissau,2017,GNB,45.72242211424605
Guinea-Bissau,2018,GNB,47.11478752127231
Guinea-Bissau,2019,GNB,53.618704352862586
Guinea-Bissau,2020,GNB,68.07485163320699
Guinea-Bissau,2021,GNB,64.74615199344565
Guinea-Bissau,2022,GNB,67.06854946052204
Guinea-Bissau,2023,GNB,65.46237112414893
Guinea-Bissau,2024,GNB,59.9246598532267
Kenya,2000,KEN,27.686798701541953
Kenya,2001,KEN,25.198287904900347
Kenya,2002,KEN,27.591058557860272
Kenya,2003,KEN,27.26501586237212
Kenya,2004,KEN,26.69729271340109
Kenya,2005,KEN,22.043973767981498
Kenya,2006,KEN,19.95711940395552
Kenya,2007,KEN,17.113937739193997
Kenya,2008,KEN,15.667034590091308
Kenya,2009,KEN,15.981055403947797
Kenya,2010,KEN,15.476337662643704
Kenya,2011,KEN,16.432369719831318
Kenya,2012,KEN,15.88890747033796
Kenya,2013,KEN,15.833728629450295
Kenya,2014,KEN,19.446084203122936
Kenya,2015,KEN,21.523203368412762
Kenya,2016,KEN,22.9183356650937
Kenya,2017,KEN,27.327871394623177
Kenya,2018,KEN,29.26775243949959
Kenya,2019,KEN,30.71330245716306
Kenya,2020,KEN,33.22736987083451
Kenya,2021,KEN,32.061561592699576
Kenya,2022,KEN,30.537805255524447
Kenya,2023,KEN,33.143923688146856
Kenya,2024,KEN,29.82445323808966
Lesotho,2000,LSO,71.2607048140737
Lesotho,2001,LSO,74.7359413513454
Lesotho,2002,LSO,73.40139813064029
Lesotho,2003,LSO,53.54853452270068
Lesotho,2004,LSO,45.16258340995192
Lesotho,2005,LSO,35.78249062847602
Lesotho,2006,LSO,35.666417730394194
Lesotho,2007,LSO,36.51738596745624
Lesotho,2008,LSO,40.111503992154915
Lesotho,2009,LSO,35.515231309706856
Lesotho,2010,LSO,30.101688000098463
Lesotho,2011,LSO,28.3690023152128
Lesotho,2012,LSO,30.91534164625559
Lesotho,2013,LSO,32.91857780931832
Lesotho,2014,LSO,31.061649478583735
Lesotho,2015,LSO,35.13589848136639
Lesotho,2016,LSO,35.11812798986133
Lesotho,2017,LSO,34.1363640443802
Lesotho,2018,LSO,32.73408155720863
Lesotho,2019,LSO,36.85265814345559
Lesotho,2020,LSO,44.482957370881785
Lesotho,2021,LSO,40.02759009975066
Lesotho,2022,LSO,42.55386173221811
Lesotho,2023,LSO,44.84171128489172
Lesotho,2024,LSO,40.42093001773486
Liberia,2000,LBR,127.8790851113119
Liberia,2001,LBR,119.20464488227664
Liberia,2002,LBR,119.68496000381722
Liberia,2003,LBR,166.9856213769944
Liberia,2004,LBR,138.40193391410574
Liberia,2005,LBR,124.84752335300684
Liberia,2006,LBR,108.54430056354538
Liberia,2007,LBR,76.91357231892827
Liberia,2008,LBR,51.621180990574054
Liberia,2009,LBR,38.13349844776796
Liberia,2010,LBR,9.311308440491823
Liberia,2011,LBR,8.037179928807314
Liberia,2012,LBR,7.795076859229126
Liberia,2013,LBR,7.548869695053344
Liberia,2014,LBR,9.592292525686046
Liberia,2015,LBR,14.044039496145668
Liberia,2016,LBR,16.143881632492604
Liberia,2017,LBR,19.741607388020437
Liberia,2018,LBR,21.83264456085282
Liberia,2019,LBR,26.671691425361914
Liberia,2020,LBR,31.13341933455266
Liberia,2021,LBR,28.97350751796237
Liberia,2022,LBR,27.892464833401643
Liberia,2023,LBR,29.218362637753092
Liberia,2024,LBR,29.4823245082585
Madagascar,2000,MDG,92.78641444278087
Madagascar,2001,MDG,69.75401468795678
Madagascar,2002,MDG,77.29669485146968
Madagascar,2003,MDG,72.53496722086578
Madagascar,2004,MDG,68.97075394102711
Madagascar,2005,MDG,54.38597680086426
Madagascar,2006,MDG,19.520673454339406
Madagascar,2007,MDG,17.125430863143357
Madagascar,2008,MDG,16.504511739104125
Madagascar,2009,MDG,19.70432106462803
Madagascar,2010,MDG,20.424396317793832
Madagascar,2011,MDG,18.622378636234064
Madagascar,2012,MDG,19.423484361055007
Madagascar,2013,MDG,18.766417305734798
Madagascar,2014,MDG,19.209525132199186
Madagascar,2015,MDG,22.166759327720225
Madagascar,2016,MDG,20.817327009106126
Madagascar,2017,MDG,20.76671452552774
Madagascar,2018,MDG,21.08039664948478
Madagascar,2019,MDG,22.098803802146307
Madagascar,2020,MDG,26.879126103393485
Madagascar,2021,MDG,25.88306266950856
Madagascar,2022,MDG,25.62849095685821
Madagascar,2023,MDG,27.807975885699232
Madagascar,2024,MDG,27.089174114254366
Malawi,2000,MWI,59.77846243678422
Malawi,2001,MWI,59.097773925585365
Malawi,2002,MWI,54.25672642758912
Malawi,2003,MWI,64.91867050731813
Malawi,2004,MWI,67.33287006834658
Malawi,2005,MWI,59.47518805790174
Malawi,2006,MWI,13.582140793947438
Malawi,2007,MWI,12.174095712200847
Malawi,2008,MWI,10.266562345212597
Malawi,2009,MWI,9.704216116529963
Malawi,2010,MWI,7.447115630553232
Malawi,2011,MWI,8.262959567541408
Malawi,2012,MWI,12.198558277760721
Malawi,2013,MWI,16.29913729171556
Malawi,2014,MWI,16.031453113586107
Malawi,2015,MWI,16.143100010938184
Malawi,2016,MWI,19.503358030847732
Malawi,2017,MWI,20.012752430802713
Malawi,2018,MWI,19.491803668786574
Malawi,2019,MWI,18.309539080218336
Malawi,2020,MWI,19.036864411278994
Malawi,2021,MWI,19.068507505853972
Malawi,2022,MWI,20.31613272312491
Malawi,2023,MWI,21.398306863566877
Malawi,2024,MWI,25.476184981021067
Mali,2000,MLI,76.70954237077368
Mali,2001,MLI,63.89113195416042
Mali,2002,MLI,52.76272834261482
Mali,2003,MLI,51.267235011933955
Mali,2004,MLI,47.64180031197255
Mali,2005,MLI,40.945890718898745
Mali,2006,MLI,18.876243669173085
Mali,2007,MLI,18.518008780739052
Mali,2008,MLI,17.157703175574046
Mali,2009,MLI,16.680056601278263
Mali,2010,MLI,18.056225462971152
Mali,2011,MLI,16.068514188894078
Mali,2012,MLI,18.858466270579694
Mali,2013,MLI,19.91509094912867
Mali,2014,MLI,18.714755889753214
Mali,2015,MLI,21.86549861243307
Mali,2016,MLI,20.753536739693327
Mali,2017,MLI,21.24097303646893
Mali,2018,MLI,19.815642173010286
Mali,2019,MLI,21.691729623049195
Mali,2020,MLI,24.356478663414993
Mali,2021,MLI,23.19362087529864
Mali,2022,MLI,23.399241015224
Mali,2023,MLI,22.3826654629064
Mali,2024,MLI,20.981770216491284
Mauritania,2000,MRT,111.52286489454184
Mauritania,2001,MRT,108.33676517584693
Mauritania,2002,MRT,106.63252518488422
Mauritania,2003,MRT,98.6893676711773
Mauritania,2004,MRT,86.00450634878844
Mauritania,2005,MRT,69.14425709974728
Mauritania,2006,MRT,32.82352696334622
Mauritania,2007,MRT,33.21241274381593
Mauritania,2008,MRT,32.50829537813875
Mauritania,2009,MRT,42.09292200004444
Mauritania,2010,MRT,41.265573736259434
Mauritania,2011,MRT,37.8274995513931
Mauritania,2012,MRT,44.95579605195712
Mauritania,2013,MRT,44.2867877519653
Mauritania,2014,MRT,49.83025809945865
Mauritania,2015,MRT,60.040374995329
Mauritania,2016,MRT,60.26052348716215
Mauritania,2017,MRT,58.62736751851257
Mauritania,2018,MRT,52.87129649161759
Mauritania,2019,MRT,51.36110480245678
Mauritania,2020,MRT,49.453812762981975
Mauritania,2021,MRT,43.95255545384336
Mauritania,2022,MRT,39.694496942372275
Mauritania,2023,MRT,34.81857288489792
Mauritania,2024,MRT,32.785631483540136
Mauritius,2000,MUS,16.77523722455418
Mauritius,2001,MUS,15.587231066635177
Mauritius,2002,MUS,16.214355232083893
Mauritius,2003,MUS,14.747146214816523
Mauritius,2004,MUS,12.0944747953779
Mauritius,2005,MUS,10.428483441745922
Mauritius,2006,MUS,8.392841233627312
Mauritius,2007,MUS,7.593851679533067
Mauritius,2008,MUS,5.90120022996843
Mauritius,2009,MUS,8.000812135643454
Mauritius,2010,MUS,9.93241852997738
Mauritius,2011,MUS,10.035862158381132
Mauritius,2012,MUS,11.575926780460188
Mauritius,2013,MUS,14.124180941080652
Mauritius,2014,MUS,13.868058962240697
Mauritius,2015,MUS,14.324439409355533
Mauritius,2016,MUS,12.94344249534804
Mauritius,2017,MUS,11.339098302068049
Mauritius,2018,MUS,9.733637708054617
Mauritius,2019,MUS,9.59843644171202
Mauritius,2020,MUS,16.799541981815384
Mauritius,2021,MUS,24.60983182851723
Mauritius,2022,MUS,25.95286558218276
Mauritius,2023,MUS,26.064786347043377
Mauritius,2024,MUS,22.683745515779975
Morocco,2000,MAR,41.05179577918438
Morocco,2001,MAR,36.00714792179741
Morocco,2002,MAR,31.5224307426154
Morocco,2003,MAR,25.75596025820933
Morocco,2004,MAR,22.04119685518635
Morocco,2005,MAR,18.520833881392306
Morocco,2006,MAR,18.311986564123593
Morocco,2007,MAR,18.431447091429867
Morocco,2008,MAR,16.625940231713443
Morocco,2009,MAR,19.236488397576306
Morocco,2010,MAR,20.96305429038854
Morocco,2011,MAR,20.49543788158374
Morocco,2012,MAR,23.6924419027312
Morocco,2013,MAR,24.60700829388539
Morocco,2014,MAR,25.473423461040472
Morocco,2015,MAR,28.4066879455245
Morocco,2016,MAR,28.380865664415943
Morocco,2017,MAR,29.55931034559264
Morocco,2018,MAR,26.510927889511155
Morocco,2019,MAR,28.523028259754195
Morocco,2020,MAR,36.21576015230712
Morocco,2021,MAR,29.870115102190674
Morocco,2022,MAR,31.456905930352868
Morocco,2023,MAR,30.889852742084816
Morocco,2024,MAR,28.471792011493697
Mozambique,2000,MOZ,79.13183906980022
Mozambique,2001,MOZ,45.03524709893479
Mozambique,2002,MOZ,47.800436936952835
Mozambique,2003,MOZ,47.43431292747845
Mozambique,2004,MOZ,42.46272653626988
Mozambique,2005,MOZ,37.976201300491525
Mozambique,2006,MOZ,21.929202546923573
Mozambique,2007,MOZ,22.417953271281316
Mozambique,2008,MOZ,22.040889258641286
Mozambique,2009,MOZ,27.098610935075207
Mozambique,2010,MOZ,28.590769273774296
Mozambique,2011,MOZ,26.63966342908985
Mozambique,2012,MOZ,27.212568573898764
Mozambique,2013,MOZ,42.46594999861322
Mozambique,2014,MOZ,47.4442120141382
Mozambique,2015,MOZ,56.643602582075346
Mozambique,2016,MOZ,79.0977164844665
Mozambique,2017,MOZ,79.15192314558452
Mozambique,2018,MOZ,71.5991334412174
Mozambique,2019,MOZ,71.71086962309403
Mozambique,2020,MOZ,80.49405917874957
Mozambique,2021,MOZ,69.78042088725678
Mozambique,2022,MOZ,57.24773494073777
Mozambique,2023,MOZ,48.39590327672283
Mozambique,2024,MOZ,40.2286670065751
Niger,2000,NER,66.8577535259404
Niger,2001,NER,59.173791988846524
Niger,2002,NER,59.195832935047775
Niger,2003,NER,56.77242434958054
Niger,2004,NER,47.42625129471436
Niger,2005,NER,39.98382099514938
Niger,2006,NER,13.822014764554192
Niger,2007,NER,13.203036465413653
Niger,2008,NER,10.67772054331252
Niger,2009,NER,13.058042819894395
Niger,2010,NER,15.383848939018879
Niger,2011,NER,21.775197006910986
Niger,2012,NER,16.204624484700954
Niger,2013,NER,17.051490436271564
Niger,2014,NER,16.038357490777525
Niger,2015,NER,20.370173726088538
Niger,2016,NER,21.605777841307134
Niger,2017,NER,24.004727342845296
Niger,2018,NER,21.883511634768762
Niger,2019,NER,24.421104231124605
Niger,2020,NER,29.082272750389603
Niger,2021,NER,28.39777690997404
Niger,2022,NER,30.075701745709218
Niger,2023,NER,28.76099750041733
Niger,2024,NER,22.791207936095883
Nigeria,2000,NGA,31.454434938167392
Nigeria,2001,NGA,28.39231302427805
Nigeria,2002,NGA,21.217215607018343
Nigeria,2003,NGA,21.58960283543031
Nigeria,2004,NGA,17.733439357577115
Nigeria,2005,NGA,8.475775455557002
Nigeria,2006,NGA,1.2204472065285457
Nigeria,2007,NGA,0.9637189765914997
Nigeria,2008,NGA,0.8261687999591346
Nigeria,2009,NGA,0.99110332668547
Nigeria,2010,NGA,0.8894155237380748
Nigeria,2011,NGA,1.0037669691487954
Nigeria,2012,NGA,1.0153202795877232
Nigeria,2013,NGA,1.127382645069688
Nigeria,2014,NGA,1.1916838318317837
Nigeria,2015,NGA,1.533922732794045
Nigeria,2016,NGA,1.9861905458977658
Nigeria,2017,NGA,3.563605766242724
Nigeria,2018,NGA,4.255828585122807
Nigeria,2019,NGA,4.127309551458425
Nigeria,2020,NGA,5.354258181781729
Nigeria,2021,NGA,5.9312128912579585
Nigeria,2022,NGA,6.192101286721497
Nigeria,2023,NGA,9.036653496957726
Nigeria,2024,NGA,19.908631248017926
Rwanda,2000,RWA,56.83161128548998
Rwanda,2001,RWA,59.973362558125984
Rwanda,2002,RWA,67.42471013844913
Rwanda,2003,RWA,67.14353588959237
Rwanda,2004,RWA,65.50609903002459
Rwanda,2005,RWA,48.72924073840582
Rwanda,2006,RWA,11.90686355134016
Rwanda,2007,RWA,14.089537240943686
Rwanda,2008,RWA,12.687116230721074
Rwanda,2009,RWA,12.7672842533941
Rwanda,2010,RWA,12.541343618099884
Rwanda,2011,RWA,14.279937924717972
Rwanda,2012,RWA,13.831766843867335
Rwanda,2013,RWA,20.128747637059618
Rwanda,2014,RWA,21.59279820894553
Rwanda,2015,RWA,24.345607207924896
Rwanda,2016,RWA,27.37334984612027
Rwanda,2017,RWA,30.915580417796505
Rwanda,2018,RWA,33.67105366531886
Rwanda,2019,RWA,37.3540158233459
Rwanda,2020,RWA,48.83819399107175
Rwanda,2021,RWA,51.50250329086812
Rwanda,2022,RWA,44.70841558573851
Rwanda,2023,RWA,48.84023440793296
Rwanda,2024,RWA,55.22960205115092
Sao Tome and Principe,2000,STP,362.5532367080527
Sao Tome and Principe,2001,STP,395.30144406751265
Sao Tome and Principe,2002,STP,377.1255737951241
Sao Tome and Principe,2003,STP,335.78793393619696
Sao Tome and Principe,2004,STP,321.0117026204468
Sao Tome and Principe,2005,STP,251.01429354513928
Sao Tome and Principe,2006,STP,246.3381740108757
Sao Tome and Principe,2007,STP,97.12874772675413
Sao Tome and Principe,2008,STP,56.242317879385816
Sao Tome and Principe,2009,STP,60.78510340462855
Sao Tome and Principe,2010,STP,74.5842065871402
Sao Tome and Principe,2011,STP,76.81265949519126
Sao Tome and Principe,2012,STP,70.7127848649023
Sao Tome and Principe,2013,STP,65.97614927558313
Sao Tome and Principe,2014,STP,61.40035426894759
Sao Tome and Principe,2015,STP,81.35635428165452
Sao Tome and Principe,2016,STP,74.24821226314016
Sao Tome and Principe,2017,STP,76.47426820682001
Sao Tome and Principe,2018,STP,59.33576882315232
Sao Tome and Principe,2019,STP,56.87177724640119
Sao Tome and Principe,2020,STP,53.103448558597954
Sao Tome and Principe,2021,STP,46.45797267768867
Sao Tome and Principe,2022,STP,39.9820626485012
Sao Tome and Principe,2023,STP,35.75194817942468
Sao Tome and Principe,2024,STP,30.728564036940902
Senegal,2000,SEN,53.32882492093376
Senegal,2001,SEN,48.69565840215898
Senegal,2002,SEN,50.077690390177686
Senegal,2003,SEN,44.67250305195011
Senegal,2004,SEN,34.91293455886638
Senegal,2005,SEN,31.7783306208494
Senegal,2006,SEN,13.998983886704474
Senegal,2007,SEN,14.194534608357268
Senegal,2008,SEN,14.06801086603644
Senegal,2009,SEN,18.309584985084634
Senegal,2010,SEN,19.52103047367554
Senegal,2011,SEN,20.27803455015732
Senegal,2012,SEN,23.65412770241648
Senegal,2013,SEN,23.834563102706106
Senegal,2014,SEN,25.052592523839085
Senegal,2015,SEN,29.96569960306169
Senegal,2016,SEN,32.299654135017605
Senegal,2017,SEN,39.74887790141518
Senegal,2018,SEN,52.730455525843524
Senegal,2019,SEN,59.093146233907646
Senegal,2020,SEN,65.57500745807305
Senegal,2021,SEN,61.4629442202268
Senegal,2022,SEN,64.2746917346912
Senegal,2023,SEN,73.01107467211597
Senegal,2024,SEN,76.43765090376661
Sierra Leone,2000,SLE,67.13947561797828
Sierra Leone,2001,SLE,61.635339513523
Sierra Leone,2002,SLE,60.55771130324482
Sierra Leone,2003,SLE,61.49557469023061
Sierra Leone,2004,SLE,61.5189774334836
Sierra Leone,2005,SLE,57.217953082073315
Sierra Leone,2006,SLE,46.30248784657113
Sierra Leone,2007,SLE,13.96509400203957
Sierra Leone,2008,SLE,13.875635587327478
Sierra Leone,2009,SLE,15.932190414658292
Sierra Leone,2010,SLE,15.830945016354725
Sierra Leone,2011,SLE,15.45025846576393
Sierra Leone,2012,SLE,14.621780715452063
Sierra Leone,2013,SLE,13.434182780986587
Sierra Leone,2014,SLE,14.053605926029524
Sierra Leone,2015,SLE,14.119779704404015
Sierra Leone,2016,SLE,16.223711459382418
Sierra Leone,2017,SLE,18.71463701894346
Sierra Leone,2018,SLE,17.897391567110656
Sierra Leone,2019,SLE,19.03733144585166
Sierra Leone,2020,SLE,20.34896594903655
Sierra Leone,2021,SLE,19.352822035260616
Sierra Leone,2022,SLE,18.92853581447756
Sierra Leone,2023,SLE,21.315447366624323
Sierra Leone,2024,SLE,18.853814992568754
"Somalia, Fed. Rep.",2011,SOM,37.40595666233257
"Somalia, Fed. Rep.",2012,SOM,36.086756626599005
"Somalia, Fed. Rep.",2013,SOM,31.69703226158224
"Somalia, Fed. Rep.",2014,SOM,27.92410374646926
"Somalia, Fed. Rep.",2015,SOM,25.710444725109266
"Somalia, Fed. Rep.",2016,SOM,23.595418856721405
"Somalia, Fed. Rep.",2017,SOM,21.638086299563493
"Somalia, Fed. Rep.",2018,SOM,26.044833256700116
"Somalia, Fed. Rep.",2019,SOM,23.678271374927785
"Somalia, Fed. Rep.",2020,SOM,30.23339362888271
"Somalia, Fed. Rep.",2021,SOM,24.389924003584984
"Somalia, Fed. Rep.",2022,SOM,22.653657740860535
"Somalia, Fed. Rep.",2023,SOM,18.410008182509998
"Somalia, Fed. Rep.",2024,SOM,5.45770887818471
South Africa,2000,ZAF,6.796480698562278
South Africa,2001,ZAF,6.6535270031804234
South Africa,2002,ZAF,12.479977097450213
South Africa,2003,ZAF,9.222843659356382
South Africa,2004,ZAF,6.948146305476863
South Africa,2005,ZAF,6.362279395362331
South Africa,2006,ZAF,5.853536547266258
South Africa,2007,ZAF,5.3697920611129
South Africa,2008,ZAF,6.804870120004233
South Africa,2009,ZAF,7.050555526078843
South Africa,2010,ZAF,8.70752258460467
South Africa,2011,ZAF,9.658642210479925
South Africa,2012,ZAF,14.0761026725852
South Africa,2013,ZAF,14.987168777901866
South Africa,2014,ZAF,16.440772212484898
South Africa,2015,ZAF,15.554315151778967
South Africa,2016,ZAF,21.543831094683792
South Africa,2017,ZAF,23.7709889856013
South Africa,2018,ZAF,21.89064010961088
South Africa,2019,ZAF,26.220902570442835
South Africa,2020,ZAF,29.432605414337683
South Africa,2021,ZAF,22.670232674341165
South Africa,2022,ZAF,22.395217266521257
South Africa,2023,ZAF,23.476996787415565
South Africa,2024,ZAF,24.38777443968953
Sudan,2000,SDN,77.36799463150714
Sudan,2001,SDN,64.10750002449677
Sudan,2002,SDN,58.84692676171517
Sudan,2003,SDN,52.60858031950375
Sudan,2004,SDN,43.9883017829502
Sudan,2005,SDN,32.14113540890599
Sudan,2006,SDN,26.545492202437597
Sudan,2007,SDN,21.72500436001665
Sudan,2008,SDN,20.52644251332834
Sudan,2009,SDN,25.35130706494968
Sudan,2010,SDN,22.274209467541734
Sudan,2011,SDN,23.007829941065147
Sudan,2012,SDN,32.43153068491501
Sudan,2013,SDN,31.311585947904064
Sudan,2014,SDN,26.43286928895155
Sudan,2015,SDN,24.70900768362137
Sudan,2016,SDN,24.180684443316345
Sudan,2017,SDN,32.68686003342186
Sudan,2018,SDN,46.92501163610495
Sudan,2019,SDN,53.34200186325969
Sudan,2020,SDN,48.51403052727142
Sudan,2021,SDN,44.437185100802004
Sudan,2022,SDN,45.582326813247924
Sudan,2023,SDN,41.58476156706997
Sudan,2024,SDN,51.27843806317739
Tanzania,2000,TZA,48.395400174688476
Tanzania,2001,TZA,43.924877320687756
Tanzania,2002,TZA,45.77144348875954
Tanzania,2003,TZA,42.48857578102884
Tanzania,2004,TZA,41.99249567384159
Tanzania,2005,TZA,37.717948936617205
Tanzania,2006,TZA,13.05729583573864
Tanzania,2007,TZA,14.645141083228022
Tanzania,2008,TZA,13.450202051429663
Tanzania,2009,TZA,16.09112319486929
Tanzania,2010,TZA,17.828580413110707
Tanzania,2011,TZA,19.180161060600714
Tanzania,2012,TZA,19.84033903686031
Tanzania,2013,TZA,22.1808223496594
Tanzania,2014,TZA,23.107249159246628
Tanzania,2015,TZA,26.621140330319776
Tanzania,2016,TZA,26.283935461458576
Tanzania,2017,TZA,27.006340828092394
Tanzania,2018,TZA,27.986077195086633
Tanzania,2019,TZA,28.702533025142046
Tanzania,2020,TZA,27.71568648508474
Tanzania,2021,TZA,27.864422161383445
Tanzania,2022,TZA,26.36007622349413
Tanzania,2023,TZA,28.565012550443264
Tanzania,2024,TZA,30.639218921659488
Togo,2000,TGO,61.050386688240934
Togo,2001,TGO,60.22153452416848
Togo,2002,TGO,58.07397879602517
Togo,2003,TGO,52.50040422498344
Togo,2004,TGO,52.466266558007824
Togo,2005,TGO,46.76100284672157
Togo,2006,TGO,48.50334192782955
Togo,2007,TGO,43.559091712437436
Togo,2008,TGO,32.009756549582875
Togo,2009,TGO,31.303141950588547
Togo,2010,TGO,21.26802458937537
Togo,2011,TGO,6.943980529319919
Togo,2012,TGO,8.421727423264297
Togo,2013,TGO,9.880578089636401
Togo,2014,TGO,11.192237738081946
Togo,2015,TGO,14.606172396965206
Togo,2016,TGO,16.218692760448487
Togo,2017,TGO,17.865307456183626
Togo,2018,TGO,16.51542695007667
Togo,2019,TGO,19.52937334610238
Togo,2020,TGO,23.86613182585776
Togo,2021,TGO,21.656119738249632
Togo,2022,TGO,21.403455918078027
Togo,2023,TGO,21.535998097223995
Togo,2024,TGO,22.749811914791028
Tunisia,2000,TUN,39.46121497003802
Tunisia,2001,TUN,39.371336139973835
Tunisia,2002,TUN,45.22926560084535
Tunisia,2003,TUN,45.977098809717944
Tunisia,2004,TUN,44.63387417713666
Tunisia,2005,TUN,38.704269466984805
Tunisia,2006,TUN,37.67586768627061
Tunisia,2007,TUN,36.012872904035994
Tunisia,2008,TUN,31.112527451338384
Tunisia,2009,TUN,32.976333990477826
Tunisia,2010,TUN,32.154362918547044
Tunisia,2011,TUN,31.390120560282803
Tunisia,2012,TUN,35.24229871526446
Tunisia,2013,TUN,34.78153667536121
Tunisia,2014,TUN,33.81379493367814
Tunisia,2015,TUN,39.55387753729873
Tunisia,2016,TUN,41.939478326316184
Tunisia,2017,TUN,52.79564920270593
Tunisia,2018,TUN,52.80282306881981
Tunisia,2019,TUN,56.753049561291455
Tunisia,2020,TUN,60.66172039407196
Tunisia,2021,TUN,49.45664893302964
Tunisia,2022,TUN,48.51171587155773
Tunisia,2023,TUN,45.45237422719908
Tunisia,2024,TUN,40.55271853652787
Uganda,2000,UGA,39.34051049021465
Uganda,2001,UGA,42.1809026597964
Uganda,2002,UGA,42.307690479033404
Uganda,2003,UGA,47.568930961617504
Uganda,2004,UGA,41.094066214039564
Uganda,2005,UGA,33.77824462449086
Uganda,2006,UGA,7.808559196815777
Uganda,2007,UGA,8.969123663611606
Uganda,2008,UGA,7.940198362475187
Uganda,2009,UGA,9.322142548245974
Uganda,2010,UGA,10.829165714886713
Uganda,2011,UGA,10.775085844789304
Uganda,2012,UGA,11.242697318964924
Uganda,2013,UGA,12.57142473743863
Uganda,2014,UGA,12.121978243638948
Uganda,2015,UGA,16.165419627439668
Uganda,2016,UGA,18.01957331783109
Uganda,2017,UGA,21.833555206956383
Uganda,2018,UGA,22.60414111589677
Uganda,2019,UGA,22.855601585115455
Uganda,2020,UGA,31.222233509169783
Uganda,2021,UGA,29.727628711542575
Uganda,2022,UGA,26.631609931544187
Uganda,2023,UGA,26.998628810918206
Uganda,2024,UGA,24.710032135107614
Zambia,2000,ZMB,123.4408251384757
Zambia,2001,ZMB,124.8348452592776
Zambia,2002,ZMB,125.47011643477947
Zambia,2003,ZMB,113.84451474029298
Zambia,2004,ZMB,94.02505012288803
Zambia,2005,ZMB,46.23278108927153
Zambia,2006,ZMB,6.712300085974417
Zambia,2007,ZMB,7.199729387544777
Zambia,2008,ZMB,5.803462842841038
Zambia,2009,ZMB,7.138620739900457
Zambia,2010,ZMB,6.214487415438192
Zambia,2011,ZMB,8.604085753404018
Zambia,2012,ZMB,13.614173735178948
Zambia,2013,ZMB,13.379798377711532
Zambia,2014,ZMB,19.359358282131023
Zambia,2015,ZMB,33.04304716873982
Zambia,2016,ZMB,36.228992168424426
Zambia,2017,ZMB,36.99184865924779
Zambia,2018,ZMB,41.72631131018253
Zambia,2019,ZMB,56.45705529498816
Zambia,2020,ZMB,83.01756122874015
Zambia,2021,ZMB,69.05187691425266
Zambia,2022,ZMB,53.89832948620998
Zambia,2023,ZMB,55.785924946869706
Zambia,2024,ZMB,61.15140877279249
Zimbabwe,2000,ZWE,17.244788556712106
Zimbabwe,2001,ZWE,16.980340207566933
Zimbabwe,2002,ZWE,20.07782233171225
Zimbabwe,2003,ZWE,25.1824854241735
Zimbabwe,2004,ZWE,26.903317255897736
Zimbabwe,2005,ZWE,25.649601969162898
Zimbabwe,2006,ZWE,30.338400026436048
Zimbabwe,2007,ZWE,33.89342640936663
Zimbabwe,2008,ZWE,40.281442456925696
Zimbabwe,2009,ZWE,28.985591915851067
Zimbabwe,2010,ZWE,23.67154726526048
Zimbabwe,2011,ZWE,20.7832175874603
Zimbabwe,2012,ZWE,18.20341910536129
Zimbabwe,2013,ZWE,16.630594467133104
Zimbabwe,2014,ZWE,15.200389908597078
Zimbabwe,2015,ZWE,16.127980991958115
Zimbabwe,2016,ZWE,15.647742381846816
Zimbabwe,2017,ZWE,15.059916621612516
Zimbabwe,2018,ZWE,8.607901733470511
Zimbabwe,2019,ZWE,11.694237777448263
Zimbabwe,2020,ZWE,12.16083486020277
Zimbabwe,2021,ZWE,9.3104332815185
Zimbabwe,2022,ZWE,10.229705961346857
Zimbabwe,2023,ZWE,12.169972231616201
Zimbabwe,2024,ZWE,10.810374059307971
